Time;Temperature;Humidity
14:50:49;24,3;42
14:50:49;23,6;40,9
14:50:50;24,9;41,6
14:50:50;21;41,6
14:50:51;24,2;37
14:50:51;21,9;43
14:50:52;22,4;38,1
14:50:52;21,9;41
14:50:53;21,6;39,1
14:50:53;21;42
14:50:54;20,7;39,9
14:50:54;21,4;42
14:50:55;23,7;36,7
14:50:55;21,6;40,6
14:50:56;21;44,7
14:50:56;22,6;42,7
14:50:57;22,7;35,8
14:50:57;23,9;43,7
14:50:58;23,9;40
14:50:58;20,4;44,3
14:50:59;25;41,5
14:50:59;20,7;41
14:51:00;20,4;38,3
14:51:00;20,8;35,5
14:51:01;22,7;39,4
14:51:01;21,6;38,3
14:51:02;21,3;36,2
14:51:02;21,6;35,4
14:51:03;22;41,1
14:51:03;20,1;44,4
14:51:04;24,4;42,2
14:51:04;23,2;43,2
14:51:05;22,6;43,2
14:51:05;21,3;44,8
14:51:06;24,4;40,4
14:51:06;21,3;37,5
14:51:07;24;37,3
14:51:07;24,1;39,1
14:51:08;24,1;42,2
14:51:08;20,8;43,4
14:51:09;23,2;35,7
14:51:09;20,9;44,1
14:51:10;21;36,8
14:51:10;24,2;40
14:51:11;20;39
14:51:11;23,1;37,8
14:51:12;23,6;39,1
14:51:12;21,7;36,9
14:51:13;22,6;43,4
14:51:13;20;37,1
14:51:14;22;38,6
14:51:14;22,3;42,8
14:51:15;22,9;44,4
14:51:15;20,3;43,9
14:51:16;20,9;41
14:51:16;23,9;42,3
14:51:17;21,4;39,2
14:51:17;23,7;43,8
14:51:18;24,2;40,1
14:51:18;22,2;35,5
14:51:19;22;40,2
14:51:19;23,2;37
14:51:20;21,7;36,7
14:51:20;20,4;39,3
14:51:21;20,8;45
14:51:21;23,4;40,5
14:51:22;24,8;43,7
14:51:22;23,5;39,2
14:51:23;20,3;38,1
14:51:23;23,7;39,1
14:51:24;23,2;36
14:51:24;22,2;40,5
14:51:25;23,9;35,7
14:51:25;22,4;37,1
14:51:26;20,3;35
14:51:26;23,3;35,1
14:51:27;22,9;40,1
14:51:27;22,2;44,3
14:51:28;24,2;36,8
14:51:28;22,5;39
14:51:29;22,1;43,4
14:51:29;20,7;44,2
14:51:30;23,3;35,6
14:51:30;20,9;38,8
14:51:31;22,4;44,7
14:51:31;23,7;44,9
14:51:32;21,3;44,3
14:51:32;20,4;41,9
14:51:33;22,2;39,7
14:51:33;24;41,9
14:51:34;21,4;35,1
14:51:34;22,2;35,2
14:51:35;21,5;43,8
14:51:35;20,9;42,7
14:51:36;20,7;44,2
14:51:36;22,3;42,3
14:51:37;21,3;39,8
14:51:37;23,2;41,1
14:51:38;24,3;35,1
14:51:38;20,9;43,6
14:51:39;22,1;39,7
14:51:39;20;43,4
14:51:40;24,8;41,3
14:51:40;23,3;41
14:51:41;23,8;44
14:51:41;21,4;38
14:51:42;21,6;36,4
14:51:42;20,3;37,2
14:51:43;23,1;43,2
14:51:43;21,6;37,8
14:51:44;22,7;36,2
14:51:44;24,1;36
14:51:45;20,5;42,3
14:51:45;24,3;39,7
14:51:46;20,8;41,9
14:51:46;22,6;40,9
14:51:47;22,3;38,8
14:51:47;21,7;40,3
14:51:48;23,9;43,1
14:51:48;22,2;42,4
14:51:49;21,6;39,7
14:51:49;23,9;37
14:51:50;21,1;35,9
14:51:50;20,8;35,8
14:51:51;21;36,5
14:51:51;21,9;39,3
14:51:52;20,7;42,8
14:51:52;21,1;36,1
14:51:53;24,5;44,2
14:51:53;23,7;35,4
14:51:54;21;44,5
14:51:54;23,4;35,7
14:51:55;22,1;37,6
14:51:55;20,3;39,2
14:51:56;23;41,2
14:51:56;22,5;41,5
14:51:57;24,7;39
14:51:57;23,5;38,2
14:51:58;21,7;44,9
14:51:58;21,8;44,2
14:51:59;20,6;41,3
14:51:59;24;42,8
14:52:00;23,4;36,5
14:52:00;23,4;41,8
14:52:01;20,2;38,7
14:52:01;20,7;44,9
14:52:02;20,3;43,2
14:52:02;22,8;35,9
14:52:03;21,7;37,2
14:52:03;23,7;38,9
14:52:04;23,4;36,1
14:52:04;20,8;35,2
14:52:05;21,5;35,5
14:52:05;23,6;36,2
14:52:06;20,1;37,3
14:52:06;22,1;42,5
14:52:07;21,8;40,5
14:52:07;22,8;37,1
14:52:08;21,2;35,2
14:52:08;20,8;40,3
14:52:09;24;43,6
14:52:09;22,5;42,3
14:52:10;22,7;36,2
14:52:10;22,3;40,4
14:52:11;24,4;43,6
14:52:11;20,8;41,9
14:52:12;22,7;42,6
14:52:12;21,1;36,4
14:52:13;21;42
14:52:13;23,1;36,1
14:52:14;20,5;37,7
14:52:14;20,6;37,7
14:52:15;23,4;44,6
14:52:15;21;43,4
14:52:16;23,1;38,4
14:52:16;21,4;35,4
14:52:17;23,3;44,2
14:52:17;22,6;42,9
14:52:18;20,9;41,9
14:52:18;20,2;37,5
14:52:19;24,3;44,1
14:52:19;22,6;42,2
14:52:20;23,4;43,4
14:52:20;20,7;35,1
14:52:21;20,1;39,6
14:52:21;22,7;36,7
14:52:22;23,1;44,4
14:52:22;21,9;35,2
14:52:23;23;43,2
14:52:23;22,5;39,6
14:54:38;22,1;44,1
14:54:38;22,8;43,1
14:54:39;23,8;43,5
14:54:39;22,7;38,1
14:54:40;24,6;35,1
14:54:40;24,5;39,2
14:54:41;22,8;39,1
14:54:41;20,3;39,7
14:54:42;22,9;36,2
14:54:42;22,4;40,2
14:54:43;23,1;38,5
14:54:43;23,3;35
14:55:08;24,1;41,9
14:55:08;23,7;39
14:55:09;24,7;38,8
14:55:09;23,1;35,5
14:55:10;20,1;41,6
14:55:10;20,7;36,2
14:55:10;22,9;36,3
14:55:10;24,3;42,1
14:55:16;22,5;39,1
14:55:16;21,5;42,3
14:55:17;21,1;44,7
14:55:17;24;38,5
14:55:18;23,9;41,3
14:55:18;24,1;43,7
14:55:19;23,8;35,9
14:55:19;22,9;42,9
14:55:20;23,5;41,3
14:55:20;21,5;44,3
14:55:21;20,7;36,1
14:55:21;23,1;42,5
14:55:22;21,7;45
14:55:22;20,5;40,4
14:55:23;21,5;43,6
14:55:23;23;36,1
14:55:24;22,7;35,7
14:55:24;21,7;41,5
14:55:25;25;44,1
14:55:25;20,3;39,8
14:55:26;21,6;44,9
14:55:26;20,4;39,8
15:01:31;22,5;37
15:01:31;23,3;41,9
15:01:32;22,4;44,1
15:01:32;21,9;39,2
15:01:33;24,5;37,5
15:01:33;24,2;41,5
15:01:34;23,1;39,5
15:01:34;21,3;35,7
15:01:35;20,1;40,4
15:01:35;20,3;44,8
15:01:36;24;38,4
15:01:36;21,3;43,5
15:01:56;24;37,5
15:01:56;22,3;35,3
15:01:57;21,9;35,2
15:01:57;22,6;44,6
15:01:58;23,8;42,4
15:01:58;20,6;38,8
15:01:59;23,1;36
15:01:59;23,5;35,3
15:02:00;21,2;40,6
15:02:00;20,8;35,7
15:02:01;23,6;39,6
15:02:01;24,6;38,8
15:02:02;23,3;43,2
15:02:02;20,3;41,3
15:02:03;22,6;40,8
15:02:03;21,7;40,7
15:02:04;25;44,7
15:02:04;20,6;44
15:02:05;22,9;38,2
15:02:05;22,2;42,7
15:02:06;21,6;36,2
15:02:06;23,6;39,7
15:11:34;23,2;38,3
15:11:34;24,9;39
15:11:35;21,9;38,3
15:11:35;22,7;40,4
15:11:36;24,9;40,1
15:11:36;20,8;43,8
15:11:37;22,3;35,6
15:11:37;21,7;39,7
15:11:38;24,1;44,5
15:11:38;22,4;39,3
15:11:39;23,5;40,7
15:11:39;20,9;36
15:11:40;22,1;41,6
15:11:40;22,8;42,2
15:11:41;20,3;35,9
15:11:41;23;42
15:11:42;23,2;44,2
15:11:42;23,5;35,3
15:12:25;20,7;41,2
15:12:26;23,6;37,3
15:12:27;24,1;35,1
15:12:28;20,4;37
15:12:29;24,6;38,3
15:12:30;24,1;38,9
15:12:31;24,2;36,7
15:12:32;20,2;37,5
15:12:33;20,9;43,9
15:12:34;22,7;41
15:14:18;21,7;35,2
15:14:19;20,7;39,5
15:14:20;23,7;35,5
15:14:21;22;38,7
15:14:22;22,3;38,6
15:14:23;23,5;35,2
15:14:24;20,2;42,1
15:14:25;22;39,7
15:14:26;21,9;36,5
15:14:27;21,6;44,6
15:14:28;23;43,5
15:14:29;20,5;42,9
15:14:30;25;38,5
15:14:31;21;37,2
15:14:32;23,7;40,3
15:14:33;20,9;42,1
15:14:34;21,6;39
15:14:35;23,9;37,4
15:14:36;23,7;44,6
15:14:37;22,3;35,8
15:14:38;21,7;39,1
15:14:39;22,4;44,2
15:14:40;22,6;43
15:14:41;24,4;42,6
15:14:42;21,2;36,5
15:14:43;20,5;43,7
15:14:44;23,3;35,6
15:14:45;20,5;40,8
15:14:46;23,9;39,3
15:14:47;22;38,6
15:14:48;22,6;39,2
15:14:49;22,5;43,3
15:14:50;24;38,4
15:14:51;22,7;38,9
15:14:52;23,3;42,6
15:14:53;21,9;37,3
15:14:54;21,4;38,4
15:14:55;24,9;36,7
15:14:56;20,5;44,5
15:14:57;24,8;42,9
15:14:58;20,9;39
15:14:59;22,4;39,7
15:16:50;21,4;43,1
15:16:51;24,4;37,4
15:16:52;23,8;41,1
15:16:53;20,8;36,3
15:16:54;23,5;35
15:16:55;24;43,7
15:16:56;20,1;42
15:16:57;23,3;36,9
15:16:58;23;36,4
15:16:59;24;37,4
15:17:00;21,2;44,7
15:17:47;22,5;37,3
15:17:48;22;36,2
15:17:49;23;37,5
15:17:50;22,9;35,5
15:17:51;20,6;36,8
15:17:52;24,6;38,9
15:17:53;22,1;39,9
15:17:54;20,8;35,9
15:17:55;21,9;35
15:17:56;20,5;41,4
15:17:57;22,1;41,5
15:17:58;24,3;43,3
15:17:59;22,5;35,5
15:18:00;22,5;43,4
15:29:31;20,2;44,7
15:29:32;24,5;43,6
15:29:33;21,4;42,9
15:29:34;20,6;39,7
15:29:35;21;37,1
15:29:36;25;36,9
15:29:37;20,6;39,7
15:29:38;22,5;42,6
15:29:39;23,9;35,6
15:29:40;24,6;40,1
15:29:41;21,7;43,9
15:29:42;20,9;38,4
15:31:10;23,9;36,4
15:31:11;21,6;43,9
15:31:13;21,3;38
15:31:14;20,3;41
15:31:15;23,5;43,2
15:31:16;24,4;37,3
15:31:17;24,2;36,8
15:31:18;23,3;42,4
15:31:19;23,4;43,1
15:31:20;22,5;35,7
15:31:21;21,6;35,6
15:31:22;24,4;43,1
15:31:23;24,8;42,1
15:31:24;24,6;44,4
15:32:53;22,7;40,6
15:32:54;24,4;35,6
15:32:55;22,8;38,4
15:32:56;23,8;36,2
15:32:57;21,2;39,3
15:32:58;23,0;43,4
15:32:59;21,4;37,1
15:33:00;22,0;35,1
15:33:01;21,6;39,8
15:33:02;24,8;42,3
15:33:03;24,9;38,7
15:33:04;22,2;45,0
15:33:05;22,1;36,1
15:33:44;21,7;36,3
15:33:45;23,5;44,7
15:33:46;20,9;43,1
15:33:47;21,1;42,3
15:33:48;21,7;43,8
15:33:49;23,6;39,3
15:33:50;23,9;44,4
15:33:51;21,2;42,6
15:33:52;24,5;35,0
15:33:53;22,8;39,9
15:33:54;23,2;39,1
15:34:14;22,1;38,8
15:34:15;22,3;42,9
15:34:16;23,4;35,2
15:34:17;21,6;38,0
15:34:18;21,8;44,1
15:34:19;21,2;43,2
15:34:20;23,1;37,7
15:34:21;21,7;38,9
15:34:22;21,0;36,0
15:34:23;23,9;35,0
15:34:24;24,2;41,5
15:34:25;21,6;38,4
15:34:26;21,8;43,5
15:49:16;22,5;35,6
15:49:17;21,8;41,7
15:49:18;21,7;35,4
15:49:19;20,7;43,9
15:49:20;20,1;44,3
15:49:21;24,2;42,8
15:49:22;23,8;44,1
15:49:23;21,3;38,7
15:49:24;20,4;44,1
15:49:25;22,2;42,1
15:49:26;20,7;43,0
15:49:27;21,2;42,9
15:49:28;20,5;39,0
15:49:29;22,0;39,8
15:49:30;22,5;40,0
15:49:31;23,1;35,9
15:49:32;21,2;36,0
15:49:33;21,4;35,8
15:49:34;20,8;35,5
15:49:35;22,7;40,4
15:49:36;22,5;35,8
15:49:37;25,0;43,4
15:49:38;21,9;35,6
15:49:39;24,4;35,3
15:49:40;22,7;38,0
15:50:25;24,1;38,6
15:50:26;20,4;42,5
15:50:27;24,6;40,6
15:50:28;23,0;44,4
15:50:29;22,3;40,8
15:50:30;22,0;38,1
15:50:31;21,0;37,5
15:50:32;20,1;38,3
15:50:33;25,0;37,6
15:50:34;20,7;40,7
15:50:35;22,9;37,3
15:50:36;20,1;41,9
15:50:37;21,8;40,7
15:50:38;20,1;39,9
15:50:39;24,7;35,7
15:50:40;23,5;35,9
15:50:41;21,4;37,6
15:50:42;23,6;36,4
15:50:43;21,2;43,3
15:50:44;24,0;35,6
15:50:45;23,0;39,6
15:50:46;20,1;35,1
15:50:47;24,9;42,3
15:50:48;22,7;40,0
15:50:49;21,2;36,6
15:50:50;24,4;41,0
15:51:07;21,6;42,4
15:51:08;21,1;38,1
15:51:09;20,1;42,0
15:51:10;23,1;36,1
15:51:11;22,8;38,5
15:51:12;24,6;39,4
15:51:13;24,6;41,8
15:51:14;21,5;36,6
15:51:15;24,3;39,8
15:51:16;23,7;39,9
15:51:17;22,7;44,5
15:51:18;24,0;37,4
15:51:19;23,5;38,8
15:51:20;23,4;41,1
15:51:21;23,6;37,5
15:51:22;22,9;38,6
15:51:23;20,1;43,4
15:51:24;21,2;40,3
15:51:25;22,6;40,3
15:51:26;22,8;38,4
15:51:27;24,9;40,2
15:51:28;23,6;42,3
15:51:29;21,7;37,8
15:51:30;24,1;36,5
15:51:31;24,4;36,0
15:51:32;22,4;40,6
15:51:33;23,5;36,2
15:51:34;22,3;44,2
15:51:35;23,1;38,0
15:51:36;22,0;42,7
15:51:37;24,7;37,2
15:51:38;21,2;38,8
15:57:35;23,8;43,0
15:57:36;22,4;42,0
15:57:37;20,2;39,3
15:57:38;23,2;43,8
15:57:39;24,1;44,3
15:57:40;20,2;39,6
15:57:41;23,8;38,6
15:57:42;22,3;35,7
15:57:43;24,4;43,6
15:57:44;23,4;43,0
15:57:45;21,2;35,3
15:57:46;23,6;37,7
15:57:47;22,0;39,6
15:57:48;24,8;41,3
15:57:49;22,6;35,7
15:57:50;23,5;41,8
15:58:27;20,0;44,4
15:58:28;22,3;37,3
15:58:29;21,3;42,8
15:58:30;20,4;44,8
15:58:31;21,3;35,5
15:58:32;20,8;42,8
15:58:33;22,5;41,8
15:58:34;20,4;39,1
15:58:35;23,9;44,8
15:58:36;21,4;36,8
15:58:37;20,2;42,2
15:58:38;23,5;38,5
15:58:39;23,3;42,6
15:58:40;20,1;42,0
15:58:41;23,1;36,1
15:58:42;21,7;41,6
15:58:43;20,4;41,2
15:58:44;20,7;38,9
15:58:45;21,0;42,7
15:58:46;20,2;40,4
15:58:47;21,7;39,9
15:58:48;20,3;41,5
15:58:49;21,4;45,0
16:03:16;22,3;38,5
16:03:17;22,9;35,9
16:03:18;23,3;37,8
16:03:19;22,3;43,8
16:03:20;24,8;35,9
16:03:21;22,4;36,7
16:03:22;23,2;40,5
16:03:23;21,7;44,9
16:03:24;24,9;43,9
16:03:25;22,4;35,5
16:03:26;20,1;37,5
16:03:27;20,0;42,9
16:03:28;21,6;37,3
16:03:29;23,6;38,9
16:03:30;24,3;41,4
16:03:31;24,6;35,6
16:04:41;20,0;40,1
16:04:42;24,0;36,0
16:04:43;23,8;40,8
16:04:44;20,9;44,2
16:04:45;21,9;38,4
16:04:46;21,1;38,7
16:04:47;24,2;40,2
16:04:48;24,2;41,3
16:04:49;21,8;41,1
16:04:50;23,3;44,4
16:04:51;24,3;43,2
16:04:52;20,9;36,5
16:08:53;24,1;38,8
16:08:54;20,3;42,0
16:08:55;24,6;37,5
16:08:56;21,5;37,6
16:08:57;20,0;42,0
16:08:58;20,9;40,9
16:08:59;24,6;40,5
16:09:00;22,8;40,2
16:09:01;22,5;43,0
16:09:02;20,7;35,6
16:09:03;20,2;37,8
16:09:04;21,5;38,8
16:09:05;24,8;40,4
16:10:09;23,4;39,2
16:10:10;21,3;43,4
16:10:11;24,4;36,6
16:10:12;22,1;37,5
16:10:13;23,3;37,6
16:10:14;20,9;36,7
16:10:15;23,9;35,9
16:10:16;20,3;42,3
16:10:17;23,1;41,8
16:10:18;20,9;42,9
16:10:19;21,8;38,7
16:10:20;21,3;42,9
16:10:21;22,7;40,3
16:10:22;22,3;39,2
16:10:23;24,7;43,9
16:10:24;22,0;38,9
16:10:25;20,9;44,4
16:10:26;22,7;38,6
16:10:27;23,4;43,7
16:10:28;23,6;36,5
16:10:29;21,9;44,1
16:10:30;24,3;40,4
16:10:31;20,1;35,7
16:10:32;22,5;41,5
16:10:33;23,2;35,5
16:10:34;22,0;40,3
16:10:35;21,9;36,3
16:10:36;24,8;35,7
16:10:37;25,0;41,6
16:10:38;21,5;43,3
16:10:39;25,0;39,0
16:10:40;24,7;37,9
16:10:41;21,7;44,3
16:10:42;24,2;40,0
16:10:43;20,9;41,2
16:10:44;21,4;39,1
16:10:45;20,0;36,4
16:10:46;20,3;38,1
16:10:47;22,7;36,4
16:10:48;23,0;38,7
16:10:49;24,5;35,4
16:10:50;21,7;41,4
16:10:51;20,5;35,5
16:10:52;21,1;43,7
16:11:19;23,9;41,5
16:11:20;20,6;35,8
16:11:21;24,9;44,6
16:11:22;21,6;36,6
16:11:23;20,2;35,8
16:11:24;21,2;42,7
16:12:09;23,9;43,2
16:12:10;20,5;39,6
16:12:11;24,6;44,4
16:12:12;22,1;38,4
16:12:13;24,0;35,3
16:12:14;22,1;43,1
16:12:15;23,5;35,5
16:12:16;24,2;41,8
16:12:17;24,3;37,1
16:12:18;24,1;39,8
16:12:35;24,8;41,6
16:12:36;23,2;36,1
16:12:37;22,5;44,3
16:12:38;20,2;35,4
16:12:39;23,8;41,3
16:12:40;21,2;43,5
16:12:51;23,4;42,0
16:12:52;23,4;43,1
16:12:53;23,6;40,9
16:12:54;23,0;38,2
16:12:55;22,8;37,8
16:12:56;20,2;40,4
16:12:57;20,6;41,9
16:12:58;20,5;35,1
16:12:59;20,4;44,8
16:13:00;23,0;36,5
16:13:01;21,9;37,3
16:13:02;23,4;40,6
16:13:03;24,8;42,9
16:13:04;23,5;43,1
16:13:05;22,2;36,1
16:13:06;24,7;39,3
16:13:07;24,5;44,6
16:13:08;20,9;39,4
16:13:09;24,5;41,0
16:13:10;22,1;43,7
16:13:11;23,2;43,3
16:13:12;20,7;44,7
16:15:51;20,7;37,1
16:15:52;21,4;40,1
16:15:53;21,9;35,4
16:15:54;20,9;39,1
16:15:55;21,4;36,6
16:15:56;21,5;37,5
16:15:57;23,8;38,3
16:15:58;24,7;36,4
16:15:59;20,4;40,9
16:16:00;21,6;39,6
16:22:35;21,7;36,1
16:22:36;24,5;42,9
16:22:37;20,5;35,2
16:22:38;22,2;36,2
16:22:39;20,3;42,8
16:22:40;23,7;39,0
16:22:41;20,4;41,8
16:22:42;20,9;39,4
16:22:43;21,7;44,4
16:22:45;23,5;38,5
16:22:46;22,3;37,9
16:22:46;23,2;40,9
16:22:48;24,9;38,0
16:22:49;20,9;41,3
16:22:50;22,3;38,7
16:22:51;22,2;40,8
16:22:52;23,5;42,7
16:22:53;22,3;36,0
16:22:54;21,6;39,5
16:22:55;24,8;41,2
16:22:56;23,0;44,4
16:22:57;23,8;40,4
16:22:58;23,8;37,7
16:31:06;24,5;36,1
16:31:07;21,9;35,5
16:31:08;22,0;36,8
16:31:09;22,9;40,3
16:31:10;24,2;37,6
16:31:11;22,4;35,3
16:31:12;23,8;40,1
16:31:14;23,0;44,4
16:31:15;23,3;43,1
16:31:16;24,5;40,4
16:31:16;23,6;42,2
16:31:18;20,1;42,5
16:31:19;20,2;41,7
16:31:19;22,3;37,5
16:31:20;23,9;43,8
16:33:37;24,4;41,2
16:33:38;20,2;41,6
16:33:39;22,7;44,9
16:33:40;24,4;38,2
16:33:41;21,7;37,4
16:33:42;20,1;44,1
16:33:43;21,3;43,6
16:33:44;21,5;42,4
16:33:45;21,5;42,5
16:33:46;24,8;43,6
16:33:47;22,6;43,3
16:33:48;20,7;42,7
16:46:59;24,1;38,7
16:47:00;21,3;35,3
16:47:01;20,2;36,3
16:47:02;22,3;39,6
16:47:03;23,3;43,0
16:47:04;23,0;36,5
16:47:05;20,2;36,6
16:47:06;20,8;37,8
16:47:07;20,8;38,8
16:47:08;22,0;41,2
16:47:09;20,2;39,5
16:47:10;21,5;36,9
16:47:11;23,9;36,5
16:47:12;20,2;38,1
16:47:13;24,0;40,2
16:47:14;24,4;42,1
16:47:15;22,4;44,7
16:47:16;20,3;43,1
16:47:17;20,8;35,2
16:47:18;21,2;40,5
16:56:22;22,4;44,2
16:56:22;22,1;42,7
16:56:23;24,2;44,4
16:56:23;22,0;43,3
16:56:24;24,8;42,6
16:56:24;23,3;43,2
16:56:25;24,3;41,1
16:56:25;22,2;35,8
16:56:26;22,4;35,1
16:56:26;21,4;42,3
16:56:27;23,6;39,1
16:56:27;23,1;43,8
16:56:28;24,8;37,1
16:56:28;23,2;44,3
16:56:29;21,8;36,8
16:56:29;21,2;44,3
16:56:30;21,1;37,6
16:56:30;24,2;37,0
16:56:31;22,5;38,7
16:56:31;21,0;36,4
16:56:32;23,6;35,2
16:56:32;21,2;35,8
16:56:33;22,0;40,3
16:56:33;23,6;42,4
16:56:34;21,8;37,0
16:56:34;20,2;43,0
16:56:35;23,3;36,2
16:56:35;23,8;42,7
16:56:36;24,2;42,2
16:56:36;21,8;38,5
16:56:53;23,3;35,2
16:56:53;24,3;39,3
16:56:54;20,5;36,6
16:56:54;23,5;40,2
16:56:55;21,8;41,1
16:56:55;20,2;39,8
16:56:56;25,0;38,4
16:56:56;23,7;37,1
16:56:57;24,2;44,0
16:56:57;22,0;43,3
16:56:58;21,0;36,6
16:56:58;21,5;41,0
16:56:59;20,6;35,1
16:56:59;24,5;35,4
16:57:00;20,5;44,0
16:57:00;20,1;36,4
16:57:01;24,2;44,4
16:57:01;21,9;40,9
16:57:02;22,8;38,7
16:57:02;21,3;39,0
16:57:03;21,6;37,8
16:57:03;24,5;37,6
16:57:04;24,5;35,9
16:57:04;20,3;43,3
16:57:05;23,2;43,4
16:57:05;22,4;37,9
16:57:06;22,5;36,0
16:57:06;20,1;38,9
16:57:07;25,0;35,3
16:57:07;22,5;39,0
16:57:08;23,3;43,7
16:57:08;23,7;41,9
16:57:09;20,3;41,6
16:57:09;24,6;36,3
17:01:23;21,9;36,8
17:01:24;21,4;42,9
17:01:25;23,0;40,0
17:01:26;22,4;40,4
17:01:27;23,8;43,9
17:01:28;20,4;40,6
17:01:29;24,3;35,6
17:01:30;21,9;40,0
17:01:31;22,2;36,5
17:01:32;24,8;41,3
17:01:33;24,5;40,6
17:02:29;21,9;44,2
17:02:30;24,1;37,3
17:02:31;21,6;35,6
17:03:20;21,0;35,1
17:03:21;22,9;39,4
17:03:22;21,4;40,7
17:03:23;21,0;44,7
17:03:24;23,5;38,8
17:03:25;23,0;40,9
17:03:26;21,4;43,5
17:03:27;21,6;44,5
17:04:38;24,2;39,8
17:04:38;20,0;36,2
17:04:39;24,7;40,6
17:04:39;22,6;37,3
17:04:40;23,2;44,4
17:04:40;22,4;40,1
17:04:41;24,8;41,2
17:04:41;22,2;39,1
17:04:42;22,7;36,7
17:04:42;21,6;37,4
17:04:43;24,0;37,2
17:04:43;22,4;37,9
17:04:44;23,4;39,9
17:04:44;21,2;36,8
17:05:26;21,5;40,1
17:05:26;23,7;43,8
17:05:27;24,9;43,9
17:05:27;24,9;38,9
17:05:28;23,9;36,2
17:05:28;24,6;42,5
17:05:29;23,2;41,1
17:05:29;23,9;39,1
17:05:30;23,8;37,6
17:05:30;21,2;42,6
17:05:31;22,5;39,5
17:05:31;23,6;37,0
17:05:32;20,5;44,5
17:05:32;23,2;41,7
17:05:33;23,4;37,8
17:05:33;24,3;39,3
17:05:34;21,6;39,6
17:05:34;22,5;36,5
17:06:18;20,2;38,9
17:06:18;23,4;44,7
17:06:19;23,5;37,1
17:06:19;20,7;39,9
17:06:20;21,1;42,6
17:06:20;23,2;35,7
17:06:21;23,5;37,8
17:06:21;24,1;38,0
17:06:22;22,5;38,7
17:06:22;23,2;42,9
17:06:23;20,8;35,0
17:06:23;20,5;41,0
17:06:24;23,2;36,2
17:06:24;24,4;40,5
17:06:25;24,4;37,5
17:06:25;24,8;43,9
17:06:26;20,3;35,2
17:06:26;23,4;38,9
17:06:27;22,1;43,5
17:06:27;20,5;37,1
17:06:28;22,9;40,5
17:06:28;22,7;41,9
17:06:29;21,5;37,1
17:06:29;21,4;39,9
17:06:30;21,2;38,2
17:06:30;21,4;42,3
17:06:31;21,8;44,5
17:06:31;23,7;38,3
17:06:32;20,5;37,9
17:06:32;21,9;39,9
17:06:33;21,3;39,2
17:06:33;20,2;37,3
17:06:34;22,4;36,2
17:06:34;22,1;44,6
17:06:35;24,7;38,5
17:06:35;21,5;39,8
17:06:36;22,6;37,3
17:06:36;23,4;35,4
17:06:37;23,7;41,1
17:06:37;22,1;35,8
17:06:38;23,6;35,7
17:06:38;20,7;38,1
17:06:39;22,1;42,7
17:06:39;20,0;39,5
17:06:40;20,0;38,1
17:06:40;20,2;39,6
17:06:41;20,8;38,5
17:06:41;21,5;41,3
17:06:42;22,0;38,6
17:06:42;22,9;36,1
17:07:13;21,3;36,5
17:07:14;20,7;37,8
17:07:15;24,7;36,5
17:07:16;20,1;41,8
17:07:17;23,5;38,8
17:07:18;22,7;38,7
17:07:19;24,7;43,9
17:07:20;23,1;35,8
17:07:21;23,2;42,7
17:07:22;21,1;44,3
17:07:23;23,3;36,3
17:07:24;21,1;36,0
17:07:25;22,3;36,3
17:07:26;23,8;36,3
17:07:27;22,6;44,0
17:07:28;24,5;42,6
17:07:29;22,4;41,6
17:07:30;22,6;41,8
17:07:31;23,9;38,1
17:07:32;21,1;38,1
17:07:33;22,9;38,3
17:07:34;21,4;44,9
17:08:56;23,6;41,3
17:08:57;24,2;38,4
17:08:58;22,9;36,7
17:08:59;21,2;36,7
17:09:00;22,1;39,8
17:09:01;24,8;43,4
17:09:02;20,5;36,0
17:09:03;21,2;39,0
17:09:04;21,2;35,6
17:09:05;20,3;40,2
17:09:06;21,2;44,8
17:09:07;22,8;38,7
17:14:27;20,6;37,5
17:14:28;22,3;43,6
17:14:29;21,6;37,9
17:14:30;24,2;42,6
17:14:31;23,6;41,9
17:14:32;20,4;36,1
17:14:33;22,8;37,2
17:14:34;24,3;42,8
17:14:35;23,6;44,7
17:14:36;22,1;41,5
17:14:37;22,9;37,0
17:14:38;23,7;38,6
17:14:40;24,5;35,7
17:14:41;21,5;44,1
17:14:41;22,2;35,5
17:14:42;20,2;43,0
17:14:44;21,7;37,0
17:14:44;23,2;37,8
17:14:46;24,9;38,5
17:14:47;23,5;36,6
17:14:48;22,0;37,6
17:14:49;22,4;39,8
17:14:50;22,2;44,4
17:14:51;22,1;41,9
17:14:52;21,1;36,3
17:14:53;21,2;38,1
17:14:54;24,9;40,1
17:14:55;22,5;36,8
17:14:56;22,9;35,9
17:14:57;23,7;37,8
17:14:58;21,7;37,2
17:14:59;22,5;36,4
17:15:00;20,4;36,9
17:15:01;21,7;40,3
17:15:02;24,5;35,5
17:15:03;22,0;41,4
17:15:04;22,7;39,1
17:15:05;22,9;38,6
17:15:06;24,7;42,8
17:15:07;20,3;36,0
17:15:08;20,7;38,1
17:15:09;20,4;39,9
17:15:10;24,0;37,2
17:15:11;23,8;36,1
17:19:16;24,4;44,3
17:19:17;24,5;37,8
17:19:18;24,7;40,5
17:19:19;21,2;35,5
17:19:20;24,6;38,4
17:19:21;23,9;35,4
17:19:22;25,0;35,6
17:19:23;24,1;36,1
17:19:24;24,2;42,2
17:19:25;24,8;41,4
17:19:26;22,1;44,2
17:19:27;24,6;44,9
17:19:28;21,0;36,7
17:19:29;24,9;40,8
17:19:30;23,2;38,6
17:19:31;24,4;42,7
17:19:32;24,4;43,7
17:19:33;21,5;40,0
17:19:34;22,9;39,3
17:19:35;22,9;41,7
17:19:36;20,6;44,1
17:19:37;23,0;38,7
17:19:38;21,2;36,7
17:19:39;24,3;37,0
17:19:40;22,9;40,3
17:27:07;21,6;43,2
17:27:08;22,7;43,3
17:27:09;24,3;41,8
17:27:10;24,3;37,2
17:27:11;23,8;38,0
17:27:12;22,2;40,1
17:27:13;20,2;43,4
17:27:14;23,3;36,5
17:27:15;20,9;36,5
17:27:16;22,1;39,8
17:27:17;22,9;38,2
17:27:18;24,2;38,9
17:27:19;23,4;39,3
17:27:20;24,9;38,2
17:27:21;21,1;44,6
17:27:22;24,8;45,0
17:27:23;20,6;39,0
17:27:24;24,1;43,2
17:27:25;22,8;37,8
17:27:26;20,4;40,9
17:27:27;20,5;41,5
17:27:28;21,5;39,6
17:27:29;20,9;37,4
17:27:30;23,4;41,9
17:27:31;21,8;36,6
17:27:49;20,2;35,6
17:27:50;23,3;38,6
17:27:51;22,8;38,1
17:27:52;20,6;43,0
17:27:53;24,9;44,2
17:27:54;24,2;35,1
17:27:55;22,2;37,0
17:27:56;21,6;35,9
17:27:57;20,6;42,6
17:27:58;23,1;43,0
17:27:59;21,6;37,5
17:28:00;21,5;37,3
17:28:01;23,5;38,6
17:28:02;22,3;42,7
17:29:42;22,4;43,0
17:29:43;23,4;37,2
17:29:44;22,2;43,5
17:29:45;21,4;35,7
17:29:46;23,8;40,8
17:29:47;23,3;41,6
17:29:48;21,9;35,3
17:29:49;22,7;43,6
17:29:50;21,8;42,5
17:29:51;21,6;35,7
17:29:52;21,8;36,1
17:29:53;22,6;42,6
17:29:54;22,5;39,1
17:29:55;20,0;40,8
17:29:56;23,4;35,4
17:29:57;22,8;42,2
17:29:58;21,3;44,8
17:29:59;24,0;44,0
17:30:00;21,9;35,7
17:30:01;20,8;41,9
17:30:02;24,8;38,3
17:30:03;20,4;38,2
17:30:04;22,6;36,2
17:30:05;23,6;40,0
17:30:06;23,7;40,0
17:30:07;22,9;37,4
17:30:08;20,4;40,1
17:30:09;24,1;38,4
17:30:10;23,5;43,1
17:30:11;21,8;35,0
17:30:12;20,6;44,1
17:30:13;23,1;39,4
17:30:14;21,9;40,4
17:30:15;23,8;44,1
17:30:16;23,5;39,9
17:30:17;21,7;43,0
17:30:18;24,4;39,0
17:30:19;20,5;44,3
17:30:20;20,9;36,3
17:30:21;21,6;38,0
17:30:22;21,5;43,3
17:30:23;21,5;44,8
17:30:24;20,4;41,8
17:30:25;24,7;35,6
17:30:26;24,2;40,3
17:30:27;23,5;36,0
17:30:28;22,3;44,2
17:30:29;20,9;45,0
17:30:30;24,5;44,2
17:30:31;22,2;38,3
17:30:32;20,5;42,0
17:30:33;22,7;37,3
17:30:34;23,2;35,8
17:30:35;24,8;36,6
17:30:36;20,9;38,5
17:30:37;20,9;40,7
17:30:38;24,5;40,0
17:30:39;20,6;35,2
17:30:40;24,9;40,9
17:30:41;20,6;37,8
17:30:42;24,6;35,6
17:30:43;24,8;44,3
17:30:44;20,9;41,1
17:30:45;21,1;39,7
17:30:46;23,0;43,0
17:30:47;22,5;39,3
17:30:48;20,3;37,1
17:30:49;23,2;41,6
17:30:50;20,2;35,7
17:30:51;22,6;35,2
17:30:52;20,7;38,7
17:30:53;20,3;35,4
17:30:54;23,8;39,7
17:30:55;23,0;43,8
17:30:56;20,3;38,2
17:30:57;22,3;43,2
17:30:58;21,9;35,8
17:30:59;24,5;39,3
17:31:00;22,3;35,2
17:31:01;20,6;35,8
17:31:02;24,3;40,0
17:31:03;21,1;39,8
17:31:04;22,1;39,3
17:31:05;24,6;36,8
17:31:06;24,7;42,1
17:31:07;20,7;38,0
17:31:08;24,7;39,8
17:31:09;23,0;38,1
17:31:10;24,2;35,1
17:31:11;24,5;38,1
17:31:12;20,7;40,3
17:31:13;23,2;41,0
17:31:14;21,0;41,1
17:31:15;23,2;36,1
17:31:16;22,1;35,1
17:31:17;23,0;43,4
17:31:18;24,1;39,0
17:31:19;21,2;37,9
17:31:20;24,7;44,2
17:31:21;21,3;44,2
17:31:22;23,0;44,7
17:31:23;23,8;44,9
17:31:24;21,1;44,8
17:31:25;22,9;40,1
17:31:26;21,1;37,9
17:31:27;23,0;39,1
17:31:28;20,6;41,7
17:31:29;20,7;36,7
17:31:30;20,6;37,1
17:31:31;24,6;43,3
17:31:32;24,2;35,1
17:31:33;22,2;37,5
17:31:34;23,3;37,9
17:31:35;24,2;40,1
17:31:36;22,9;42,9
17:31:37;22,6;36,1
17:31:38;21,2;43,8
17:31:39;23,6;43,5
17:31:40;22,2;40,6
17:31:41;24,3;35,2
17:31:42;20,4;35,2
17:31:43;21,9;44,8
17:31:44;20,2;38,6
17:31:45;23,2;39,4
17:31:46;20,8;44,6
17:31:47;20,9;38,7
17:31:48;24,5;36,8
17:31:49;22,1;38,4
17:31:50;23,9;36,7
17:31:51;20,7;40,5
17:31:52;20,2;41,4
17:31:53;22,2;37,9
17:31:54;20,2;44,8
17:31:55;25,0;42,9
17:31:56;22,8;42,1
17:31:57;24,1;38,6
17:31:58;22,6;40,2
17:31:59;20,9;36,0
17:32:00;22,8;39,5
17:32:01;23,9;38,3
17:32:02;21,0;39,8
17:32:03;22,5;41,9
17:32:04;22,6;41,0
17:32:05;24,0;43,7
17:32:06;20,0;40,5
17:32:07;24,1;35,4
17:32:08;23,5;44,5
17:32:09;23,7;36,8
17:32:10;24,3;41,0
17:32:11;23,6;39,7
17:32:12;20,2;43,9
17:32:13;22,3;41,3
17:32:14;20,5;37,0
17:32:15;23,5;35,4
17:32:16;21,5;38,3
17:32:17;24,5;36,1
17:32:18;21,7;40,2
17:32:19;22,5;44,5
17:32:20;21,5;38,7
17:32:21;20,5;42,2
17:32:22;22,0;35,4
17:32:23;22,8;44,2
17:32:24;21,9;44,3
17:32:25;23,1;42,7
17:32:26;24,6;44,1
17:32:27;21,2;36,3
17:32:28;21,4;36,5
17:32:29;20,1;43,8
17:32:30;20,2;42,2
17:32:31;22,6;42,1
17:32:32;21,0;35,3
17:32:33;20,3;39,2
17:32:34;21,7;37,8
17:32:35;22,7;38,8
17:32:36;22,4;35,8
17:32:37;20,4;36,5
17:32:38;23,9;42,6
17:32:39;20,9;36,7
17:32:40;22,6;42,3
17:32:41;24,5;39,1
17:32:42;21,4;35,7
17:32:43;21,9;38,8
17:32:44;20,1;42,0
17:32:45;20,5;44,2
17:32:46;23,7;39,3
17:32:47;20,4;38,5
17:32:48;22,0;39,9
17:32:49;23,9;37,3
17:32:50;22,4;40,8
17:32:51;22,9;43,6
17:32:52;23,9;41,1
17:32:53;21,7;38,1
17:32:54;23,8;44,1
17:32:55;22,4;40,9
17:32:56;23,0;44,1
17:32:57;22,7;44,0
17:32:58;20,5;38,8
17:32:59;23,5;38,7
17:33:00;23,2;39,6
17:33:01;20,3;43,9
17:33:02;23,7;40,6
17:33:03;20,3;40,2
17:33:04;24,4;41,1
17:33:05;22,2;35,9
17:33:06;21,0;41,4
17:33:07;21,6;41,8
17:33:08;22,6;41,9
17:33:09;22,6;37,1
17:33:10;24,2;39,5
17:33:11;22,0;35,3
17:33:12;21,8;35,1
17:33:13;22,9;35,3
17:33:14;22,1;37,8
17:33:15;23,7;43,1
17:33:16;20,8;39,9
17:33:17;23,1;43,1
17:33:18;24,7;44,8
17:33:19;21,9;38,1
17:33:20;23,5;39,6
17:33:21;24,5;38,2
17:33:22;23,0;35,4
17:33:23;22,6;44,2
17:33:24;24,1;35,2
17:33:25;21,2;43,5
17:33:26;22,5;44,7
17:33:27;23,2;41,8
17:33:28;20,7;37,7
17:33:29;20,9;38,2
17:33:30;24,5;44,8
17:33:31;23,4;44,1
17:33:32;22,1;39,5
17:34:28;24,8;40,4
17:34:29;24,8;42,9
17:34:30;24,7;40,6
17:34:31;21,8;37,8
17:34:32;24,9;42,7
17:34:33;20,3;39,3
17:34:34;22,3;39,6
17:34:35;20,9;41,5
17:34:36;24,7;36,2
17:34:37;21,6;44,5
17:34:38;24,7;35,1
17:34:39;22,5;43,9
17:34:40;21,7;43,4
17:34:41;21,1;43,5
17:34:42;21,6;44,3
17:34:43;20,9;38,2
17:34:44;21,5;38,5
17:34:45;22,6;37,6
17:34:46;24,8;43,9
17:34:47;22,0;35,2
17:34:48;20,2;35,4
17:34:49;20,8;43,0
17:34:50;23,8;39,4
17:34:51;24,9;36,2
17:34:52;24,7;41,2
17:34:53;21,4;43,1
17:34:54;24,4;37,8
17:34:55;24,5;41,2
17:34:56;21,9;37,5
17:34:57;24,8;44,1
17:34:58;20,1;38,4
17:34:59;24,3;37,6
17:35:00;21,7;44,8
17:35:01;24,9;40,0
17:35:02;21,8;36,2
17:35:03;21,9;42,4
17:35:04;23,3;44,2
17:35:05;22,3;38,0
17:35:06;22,7;35,9
17:35:07;23,9;39,1
17:35:08;23,7;43,2
17:35:09;23,0;40,5
17:35:10;21,2;43,7
17:35:11;20,9;35,8
17:35:12;24,9;35,5
17:35:13;24,3;42,1
17:35:14;22,9;40,1
17:35:15;23,1;38,6
17:35:16;24,2;36,2
17:35:17;23,1;37,7
17:35:18;22,3;37,5
17:35:19;23,4;36,4
17:35:20;23,9;42,7
17:35:21;21,0;36,4
17:35:22;20,1;41,7
17:35:23;21,3;36,4
17:35:24;20,3;37,5
17:35:25;20,3;36,4
17:35:26;21,4;38,1
17:35:27;21,9;43,7
17:35:28;23,8;38,3
17:35:29;21,3;43,9
17:35:30;20,9;42,8
17:35:31;23,4;39,0
17:35:32;20,5;35,1
17:35:33;24,5;40,0
17:35:34;24,7;36,7
17:35:35;22,5;42,1
17:35:36;24,8;38,0
17:35:37;24,8;36,5
17:35:38;24,3;40,5
17:35:39;23,1;37,5
17:35:40;24,9;39,3
17:35:41;22,7;38,3
17:35:42;24,3;44,2
17:35:43;23,5;39,6
17:35:44;21,9;37,7
17:35:45;21,8;38,5
17:35:46;24,4;36,3
17:35:47;23,6;40,3
17:35:48;20,1;39,8
17:35:49;21,2;42,0
17:35:50;22,7;40,9
17:35:51;20,3;39,9
17:35:52;24,8;42,8
17:35:53;22,7;39,5
17:35:54;22,0;40,1
17:35:55;21,9;43,8
17:35:56;20,5;43,9
17:35:57;20,3;42,7
17:35:58;21,3;37,7
17:35:59;24,5;39,4
17:36:00;20,1;42,5
17:36:01;20,2;44,9
17:36:02;21,4;44,6
17:36:03;22,2;43,7
17:36:04;22,8;39,0
17:36:05;24,3;43,3
17:36:06;20,0;38,0
17:36:07;22,7;41,1
17:36:08;20,9;37,2
17:36:09;23,0;39,9
17:36:10;20,7;41,6
17:36:11;24,8;36,7
17:36:12;24,9;42,6
17:36:13;22,3;36,6
17:36:14;21,2;42,9
17:36:15;20,7;36,1
17:36:16;24,2;37,2
17:36:17;22,3;37,4
17:36:18;23,4;38,4
17:36:19;23,8;37,2
17:36:20;24,0;40,3
17:36:21;23,7;38,5
17:36:22;22,0;43,8
17:36:23;23,1;37,3
17:36:24;20,9;43,8
17:36:25;20,9;43,7
17:36:26;24,1;40,6
17:36:27;21,5;40,0
17:36:28;23,0;43,6
17:36:29;23,3;44,3
17:36:30;22,8;41,5
17:36:31;22,9;35,0
17:36:32;22,2;43,6
17:36:33;21,4;35,9
17:36:34;23,7;44,6
17:36:35;20,5;43,1
17:36:36;20,3;41,4
17:36:37;24,9;35,3
17:36:38;20,1;42,8
17:36:39;23,0;44,6
17:36:40;22,8;42,2
17:36:41;20,6;41,8
17:36:42;22,4;39,8
17:36:43;24,3;37,2
17:36:44;24,4;42,1
17:36:45;21,8;38,4
17:36:46;24,0;43,0
17:36:47;24,2;37,8
17:36:48;20,8;37,0
17:36:49;20,2;40,6
17:36:50;24,3;44,6
17:36:51;24,6;43,9
17:36:52;23,4;37,5
17:36:53;23,7;44,9
17:36:54;25,0;36,0
17:36:55;24,5;39,5
17:36:56;20,4;44,3
17:36:57;21,8;44,9
17:36:58;22,9;39,8
17:36:59;21,7;43,6
17:37:00;21,9;44,6
17:37:01;22,4;41,7
17:37:02;21,9;41,0
17:37:03;20,1;44,1
17:37:04;20,6;39,9
17:37:05;22,7;40,4
17:37:06;23,1;40,9
17:37:07;21,4;36,7
17:37:08;21,4;38,4
17:37:09;23,0;36,7
17:37:10;23,9;37,6
17:37:11;23,2;37,7
17:37:12;24,4;38,8
17:37:13;23,0;43,1
17:37:14;20,4;39,5
17:37:15;22,1;43,7
17:37:16;22,4;42,2
17:37:17;21,0;40,0
17:37:18;24,2;38,1
17:37:19;22,5;36,3
17:37:20;20,6;44,4
17:37:21;24,3;40,1
17:37:22;23,9;35,1
17:37:23;22,9;39,3
17:37:24;23,5;41,0
17:37:25;23,6;42,1
17:37:26;24,8;41,1
17:37:27;24,3;42,8
17:37:28;23,5;42,6
17:37:29;22,4;41,9
17:37:30;21,6;38,5
17:37:31;20,7;36,8
17:37:32;24,4;43,8
17:37:33;23,6;40,5
17:37:34;24,9;42,2
17:37:35;22,6;41,3
17:37:36;20,1;44,1
17:37:37;20,7;37,2
17:37:38;23,8;40,4
17:37:39;22,9;35,1
17:37:40;20,6;36,4
17:37:41;20,6;38,6
17:37:42;21,0;38,7
17:37:43;22,2;41,6
17:37:44;21,7;35,5
17:37:45;21,6;45,0
17:37:46;20,1;35,6
17:37:47;20,0;38,8
17:37:48;21,2;36,9
17:37:49;24,1;41,2
17:37:50;23,5;42,2
17:37:51;23,5;36,0
17:37:52;20,8;41,7
17:37:53;23,4;36,4
17:37:54;22,2;42,3
17:37:55;21,0;37,3
17:37:56;24,7;35,9
17:37:57;22,8;44,4
17:37:58;20,1;43,1
17:37:59;23,0;42,5
17:38:00;22,4;40,7
17:38:01;22,9;41,6
17:38:02;23,0;40,8
17:38:03;24,5;39,0
17:38:04;20,0;38,8
17:38:05;23,2;42,2
17:38:06;21,6;36,8
17:38:07;20,5;39,5
17:38:08;23,4;42,5
17:38:09;24,5;35,2
17:38:10;23,5;43,4
17:38:11;20,7;36,9
17:38:12;20,6;37,4
17:38:13;20,4;40,5
17:38:14;20,2;43,3
17:38:15;23,8;36,5
17:38:16;21,1;38,6
17:38:17;22,7;40,6
17:38:18;23,2;43,4
17:38:19;22,8;37,9
17:38:20;20,9;41,5
17:38:21;23,8;41,1
17:38:22;22,4;38,4
17:38:23;24,7;38,0
17:38:24;22,9;39,0
17:38:25;20,2;44,6
17:38:26;23,0;36,0
17:38:27;20,5;44,1
17:38:28;20,3;38,1
17:38:29;24,3;35,6
17:38:30;22,7;40,6
17:38:31;20,8;39,8
17:38:32;20,2;35,4
17:38:33;20,9;43,2
17:38:34;23,8;36,6
17:38:35;21,6;42,9
17:38:36;24,8;38,4
17:38:37;23,8;42,7
17:38:38;24,8;35,2
17:38:39;24,1;44,0
17:38:40;20,5;42,2
17:38:41;21,6;38,5
17:38:42;20,1;36,5
17:38:43;22,7;38,0
17:38:44;20,7;43,2
17:38:45;20,7;44,0
17:38:46;21,4;38,1
17:38:47;21,8;38,6
17:38:48;21,6;41,2
17:38:49;23,8;36,1
17:38:50;22,9;42,0
17:38:51;21,2;44,0
17:38:52;23,8;40,2
17:38:53;20,5;40,0
17:38:54;22,4;39,7
17:38:55;23,6;41,7
17:38:56;24,7;36,7
17:38:57;23,9;43,3
17:38:58;21,4;42,1
17:38:59;23,0;40,5
17:39:00;22,7;37,4
17:39:01;24,6;38,7
17:39:02;20,6;40,3
17:39:03;24,7;41,8
17:39:04;22,9;40,5
17:39:05;25,0;44,3
17:39:06;24,6;43,5
17:39:07;22,7;36,2
17:39:08;21,3;35,9
17:39:09;22,2;39,8
17:39:10;23,2;44,5
17:39:11;23,4;39,0
17:39:12;23,7;44,0
17:39:13;23,1;38,2
17:39:14;24,2;40,7
17:39:15;20,8;42,1
17:39:16;22,2;36,5
17:39:17;24,2;36,6
17:39:18;22,0;38,8
17:39:19;20,8;37,7
17:39:20;23,7;40,7
17:39:21;23,8;40,0
17:39:22;21,1;44,6
17:39:23;21,9;41,2
17:39:24;20,1;42,5
17:39:25;21,6;38,6
17:39:26;24,0;44,5
17:39:27;24,9;35,2
17:39:28;22,6;40,1
17:39:29;24,1;41,2
17:39:30;22,2;43,4
17:39:31;21,5;44,3
17:39:32;23,0;36,3
17:39:33;20,9;38,7
17:39:34;22,9;41,7
17:39:35;22,9;38,2
17:39:36;24,0;39,7
17:39:37;20,5;35,4
17:39:38;24,5;41,1
17:39:39;22,7;38,1
17:39:40;24,7;43,7
17:39:41;23,6;37,1
17:39:42;22,6;35,7
17:39:43;23,3;35,6
17:39:44;23,1;41,6
17:39:45;23,6;40,2
17:39:46;20,3;37,8
17:39:47;23,4;39,2
17:39:48;21,8;37,8
17:39:49;22,1;37,7
17:39:50;20,3;39,4
17:39:51;21,0;39,9
17:39:52;21,8;36,7
17:39:53;21,6;41,6
17:39:54;22,2;44,2
17:39:55;22,6;43,8
17:39:57;22,8;42,0
17:39:58;22,5;43,2
17:39:59;22,3;37,3
17:40:00;21,8;43,1
17:40:01;24,8;36,2
17:40:02;22,4;42,3
17:40:03;24,1;43,3
17:40:04;24,1;37,9
17:40:05;23,2;37,2
17:40:06;20,6;36,0
17:40:07;23,1;38,3
17:40:08;22,3;41,6
17:40:09;21,3;38,0
17:40:10;22,8;41,6
17:40:11;25,0;39,4
17:40:12;20,2;39,3
17:40:13;21,5;40,8
17:40:14;23,1;36,5
17:40:15;23,9;38,5
17:40:16;21,9;39,9
17:40:17;20,8;41,6
17:40:18;21,2;43,8
17:40:19;24,8;39,4
17:40:20;22,5;35,8
17:40:21;22,8;37,5
17:40:22;24,7;37,4
17:40:23;22,6;36,5
17:40:24;23,8;44,0
17:40:25;20,0;43,4
17:40:26;23,5;44,8
17:40:27;21,6;38,3
17:40:28;24,7;35,0
17:40:29;22,7;42,8
17:40:30;23,0;35,9
17:40:31;23,3;40,8
17:40:32;20,3;36,6
17:40:33;22,7;38,5
17:40:34;21,8;41,8
17:40:35;20,6;42,9
17:41:10;23,4;41,6
17:41:11;24,6;42,4
17:41:12;20,3;38,4
17:41:40;23,5;38,7
17:41:41;24,7;38,4
17:41:42;20,2;44,9
17:41:43;20,8;41,7
17:41:44;21,2;43,5
17:41:45;22,1;38,1
17:41:46;20,4;36,6
17:42:58;22,1;40,5
17:42:59;22,6;41,4
17:43:00;22,1;40,6
17:43:01;20,5;38,5
17:43:02;23,7;43,2
17:43:03;22,8;39,0
17:43:04;23,7;40,6
17:43:05;22,3;36,6
17:43:06;23,1;43,6
17:43:07;22,4;42,4
17:43:08;21,8;38,0
17:43:09;23,8;38,6
17:43:10;21,7;40,7
17:43:11;20,8;44,4
17:43:12;20,6;35,7
17:43:13;20,7;44,8
17:43:14;22,6;42,8
17:43:15;22,3;36,7
17:43:16;24,1;42,8
17:43:17;21,2;44,0
17:43:18;21,7;42,7
17:43:19;21,7;41,8
17:43:20;24,9;37,3
17:43:21;24,6;43,5
17:43:22;23,3;38,7
17:43:23;23,7;38,3
17:43:24;21,7;44,2
17:43:25;25,0;43,1
17:43:26;23,4;38,5
17:43:27;22,5;44,3
17:43:28;20,4;38,0
17:43:29;24,5;36,1
17:43:30;20,1;42,1
17:43:31;21,1;36,6
17:43:32;20,2;39,3
17:43:33;23,5;43,1
17:43:34;22,4;41,7
17:43:35;21,9;36,3
17:43:36;21,4;39,8
17:43:37;21,1;40,2
17:43:38;20,5;36,9
17:43:39;23,5;42,4
17:43:40;22,0;38,1
17:43:41;21,3;35,5
17:43:42;20,3;44,9
17:43:43;24,8;39,2
17:43:44;24,8;36,4
17:43:45;23,2;39,3
17:43:46;22,7;43,1
17:43:47;21,2;42,3
17:43:48;23,1;39,2
17:43:49;24,6;37,4
17:43:50;20,3;41,3
17:43:51;20,2;38,4
17:43:52;22,9;41,0
17:43:53;22,5;38,1
17:43:54;22,5;38,0
17:43:55;22,4;37,4
17:43:56;22,8;41,3
17:43:57;23,0;44,1
17:43:58;22,4;37,3
17:43:59;24,1;41,0
17:44:00;22,8;43,0
17:44:01;21,9;35,8
17:44:02;20,8;42,9
17:44:03;21,5;35,2
17:44:04;21,1;40,3
17:44:05;24,1;43,1
17:44:06;24,2;42,1
17:44:07;24,4;39,2
17:44:08;21,5;35,8
17:44:09;24,3;38,1
17:44:10;24,0;44,6
17:44:11;24,4;40,2
17:44:12;23,8;42,9
17:44:13;22,9;42,6
17:44:14;24,8;41,6
17:44:15;20,6;39,3
17:44:16;24,5;38,1
17:44:17;24,9;36,8
17:44:18;24,0;35,3
17:44:19;24,8;36,9
17:44:20;21,2;42,5
17:44:21;20,4;41,3
17:44:22;20,3;38,4
17:44:23;23,7;44,0
17:44:24;24,9;44,9
17:44:25;23,6;40,7
17:44:26;20,2;42,1
17:44:27;24,2;40,5
17:44:28;23,7;35,0
17:44:29;21,9;36,3
17:44:30;20,2;40,5
17:44:31;21,0;39,7
17:44:32;24,1;38,5
17:44:33;22,0;41,2
17:44:34;22,7;40,9
17:44:35;22,7;38,4
17:44:36;24,6;41,0
17:44:37;24,5;42,1
17:44:38;21,6;35,5
17:44:39;22,7;35,6
17:44:40;20,8;36,3
17:44:41;24,0;39,6
17:44:42;23,1;36,6
17:44:43;22,0;43,5
17:44:44;23,4;36,2
17:44:45;24,5;41,5
17:44:46;22,5;39,7
17:44:47;21,5;39,3
17:44:48;21,2;43,4
17:44:49;24,4;40,7
17:44:50;23,8;38,1
17:44:51;23,3;37,0
17:44:52;21,6;35,7
17:44:53;20,8;37,1
17:44:54;22,7;42,3
17:44:55;21,7;40,3
17:44:56;21,7;35,4
17:44:57;22,1;37,7
17:44:58;22,3;44,0
17:44:59;20,2;36,5
17:45:00;24,0;44,4
17:45:01;20,5;36,0
17:45:02;20,9;43,7
17:45:03;20,6;35,5
17:45:04;24,5;41,1
17:45:05;21,6;44,4
17:45:06;21,6;43,1
17:45:07;20,6;44,3
17:45:08;23,1;36,8
17:45:09;23,9;42,8
17:45:10;20,3;35,4
17:45:11;24,8;38,7
17:45:12;21,9;36,3
17:45:13;24,6;40,1
17:45:14;23,5;39,9
17:45:15;21,2;35,9
17:45:16;21,2;44,2
17:45:17;24,0;36,7
17:45:18;20,6;38,6
17:45:19;24,3;39,4
17:45:20;20,4;37,7
17:45:21;24,4;44,0
17:45:22;23,7;36,4
17:45:23;24,2;42,5
17:45:24;20,7;43,8
17:45:25;22,6;40,4
17:45:26;24,9;37,3
17:45:27;22,2;39,3
17:45:28;23,8;43,5
17:45:29;23,8;40,9
17:45:30;20,2;42,0
17:45:31;22,4;35,8
17:45:32;21,9;41,1
17:45:33;20,9;37,3
17:45:34;20,4;41,2
17:45:35;24,9;37,8
17:45:36;23,1;40,3
17:45:37;24,5;42,3
17:45:38;22,0;42,8
17:45:39;21,4;35,7
17:45:40;20,6;39,8
17:45:41;24,1;44,7
17:45:42;21,0;38,8
17:45:43;23,2;35,3
17:45:44;20,5;43,2
17:45:45;24,6;40,0
17:45:46;22,3;40,5
17:45:47;21,2;42,9
17:45:48;23,2;37,4
17:45:49;21,8;42,5
17:45:50;24,3;40,8
17:45:51;23,9;35,9
17:45:52;20,6;37,0
17:45:53;21,7;37,0
17:45:54;22,4;38,1
17:45:55;23,4;39,0
17:45:56;21,3;36,7
17:45:57;21,5;35,8
17:45:58;21,1;43,0
17:45:59;20,8;38,1
17:46:00;24,8;38,4
17:46:01;23,8;38,4
17:46:02;23,6;36,7
17:46:03;21,9;41,8
17:46:04;21,6;43,7
17:46:05;22,8;42,2
17:46:06;20,3;38,7
17:46:07;24,6;39,5
17:46:08;24,9;42,9
17:46:09;22,9;39,8
17:46:10;20,3;44,3
17:46:11;24,5;43,7
17:46:12;25,0;42,8
17:46:13;22,6;37,7
17:46:14;20,4;39,2
17:46:15;22,2;42,1
17:46:16;22,3;43,0
17:46:17;23,9;37,5
17:46:18;22,7;39,1
17:46:19;21,9;39,4
17:46:20;22,6;44,1
17:46:21;24,9;42,5
17:46:22;22,6;44,6
17:46:23;20,3;44,8
17:46:25;22,7;39,5
17:46:26;20,8;38,8
17:46:27;24,6;40,7
17:46:28;25,0;39,6
17:46:29;23,8;40,7
17:46:30;22,5;44,5
17:46:31;21,6;43,2
17:46:32;21,2;36,4
17:46:33;22,9;36,1
17:46:34;24,9;39,8
17:46:35;20,5;41,6
17:46:36;24,1;43,2
17:46:37;24,1;39,0
17:46:38;20,6;42,2
17:46:39;21,3;35,2
17:46:40;22,4;41,0
17:46:41;21,0;37,9
17:46:42;23,0;39,4
17:46:43;24,2;40,3
17:46:44;22,1;43,2
17:46:45;21,8;40,3
17:46:46;21,3;44,4
17:46:47;23,8;43,7
17:46:48;24,3;40,3
17:46:49;23,9;42,8
17:46:50;21,4;37,7
17:46:51;22,4;41,2
17:46:52;20,6;41,9
17:46:53;22,2;43,3
17:46:54;24,9;35,4
17:46:55;21,1;40,3
17:46:56;21,8;35,9
17:46:57;23,3;44,6
17:46:58;22,0;44,1
17:46:59;24,0;40,4
17:47:00;20,4;35,5
17:47:01;22,9;42,2
17:47:02;22,6;44,2
17:47:03;24,5;40,6
17:47:04;20,9;43,1
17:47:05;23,9;42,0
17:47:06;20,1;39,3
17:47:07;22,5;35,1
17:47:08;23,1;38,9
17:47:09;20,1;38,9
17:47:10;24,9;37,3
17:47:11;20,0;38,7
17:47:12;20,6;37,9
17:47:13;24,9;40,2
17:47:14;22,8;41,1
17:47:15;24,3;40,6
17:47:16;23,0;43,3
17:47:17;21,1;43,1
17:47:18;20,9;44,7
17:47:19;22,0;36,1
17:47:20;20,2;36,4
17:47:21;20,1;42,2
17:47:22;23,2;43,0
17:47:23;21,2;41,8
17:47:24;24,4;41,2
17:47:25;24,6;42,1
17:47:26;21,4;37,3
17:47:27;24,1;38,8
17:47:28;23,7;36,8
17:47:29;20,9;35,9
17:47:30;23,3;41,4
17:47:31;23,9;41,7
17:47:32;23,9;44,8
17:47:33;24,3;37,2
17:47:34;24,4;38,1
17:47:35;24,6;45,0
17:47:36;20,3;36,8
17:47:37;22,5;39,7
17:47:38;21,7;37,7
17:47:39;23,2;35,5
17:47:40;24,4;43,7
17:47:41;21,2;40,1
17:47:42;23,8;41,3
17:47:43;20,8;44,3
17:47:44;21,7;43,1
17:47:45;20,8;37,4
17:47:46;24,2;42,8
17:47:47;21,6;39,9
17:47:48;22,3;37,0
17:47:49;22,7;41,7
17:47:50;21,9;40,1
17:47:51;24,4;44,5
17:47:52;22,5;44,5
17:47:53;23,4;38,7
17:47:54;22,6;38,5
17:47:55;25,0;41,8
17:47:56;24,4;44,3
17:47:57;21,9;39,2
17:47:58;23,9;43,3
17:47:59;23,7;40,9
17:48:00;22,2;37,3
17:48:01;20,2;37,1
17:48:02;22,6;40,1
17:48:03;20,6;42,6
17:48:04;21,0;38,5
17:48:05;21,5;41,8
17:48:06;21,6;44,1
17:48:07;22,5;37,7
17:48:08;21,9;36,2
17:48:09;21,4;41,1
17:48:10;23,0;42,8
17:48:11;22,2;43,4
17:48:12;22,7;41,4
17:48:13;23,0;44,4
17:48:14;22,5;39,1
17:48:15;24,7;39,1
17:48:16;22,0;44,0
17:48:17;24,0;38,4
17:48:18;22,3;42,1
17:48:19;23,4;44,6
17:48:20;21,3;39,5
17:48:21;22,9;35,1
17:48:22;23,2;36,4
17:48:23;20,4;42,9
17:48:24;21,8;38,0
17:48:25;22,7;35,4
17:48:26;20,1;43,6
17:48:27;23,8;43,9
17:48:28;21,2;43,2
17:48:29;24,4;37,1
17:48:30;21,4;36,0
17:48:31;23,3;35,7
17:48:32;21,2;35,5
17:48:33;22,5;41,6
17:48:34;20,2;37,9
17:48:35;21,0;35,0
17:48:36;21,0;42,9
17:48:37;24,6;45,0
17:48:38;23,2;40,8
17:48:39;21,1;42,8
17:48:40;21,8;41,2
17:48:41;22,8;44,7
17:48:42;23,7;43,5
17:48:43;20,1;41,4
17:48:44;20,0;35,4
17:48:45;21,9;43,8
17:48:46;20,4;37,6
17:48:47;23,6;38,3
17:48:48;22,8;35,1
17:48:49;21,3;37,9
17:48:50;24,7;44,2
17:48:51;23,1;39,0
17:48:52;20,2;39,7
17:48:53;24,0;43,9
17:48:54;20,2;40,4
17:48:55;20,8;38,5
17:48:56;25,0;44,2
17:48:57;21,1;40,1
17:48:58;21,7;35,5
17:48:59;20,6;43,7
17:49:00;20,9;41,9
17:49:01;22,4;37,5
17:49:02;20,9;40,2
17:49:03;23,8;36,5
17:49:04;22,0;42,0
17:49:05;22,2;44,7
17:49:06;21,3;40,2
17:49:07;20,1;42,5
17:49:08;20,9;38,2
17:49:09;20,5;36,6
17:49:10;21,5;43,3
17:49:11;23,4;39,3
17:49:12;21,0;41,4
17:49:13;21,0;43,9
17:49:14;20,7;37,3
17:49:15;24,2;35,7
17:49:16;23,7;44,6
17:49:17;24,1;36,0
17:49:18;21,8;43,0
17:49:19;20,3;40,0
17:49:20;21,9;41,8
17:49:21;24,9;42,7
17:49:22;22,5;44,2
17:49:23;21,1;36,8
17:49:24;20,9;43,4
17:49:25;20,8;40,2
17:49:26;24,4;38,6
17:49:27;22,9;38,5
17:49:28;20,4;36,3
17:49:29;20,0;40,6
17:49:30;20,9;41,0
17:49:31;21,2;44,5
17:49:32;24,9;41,5
17:49:33;20,8;43,6
17:49:34;24,8;38,6
17:49:35;21,5;43,9
17:49:36;22,3;42,3
17:49:37;20,4;40,0
17:49:38;20,3;44,1
17:49:39;22,9;42,1
17:49:40;23,3;35,6
17:49:41;20,4;37,0
17:49:42;22,5;44,4
17:49:43;22,2;37,4
17:49:44;23,6;37,3
17:49:45;20,0;36,8
17:49:46;20,7;37,8
17:49:47;21,2;37,5
17:49:48;23,8;42,9
17:49:49;21,8;42,7
17:49:50;22,6;38,5
17:49:51;20,3;36,5
17:49:52;22,3;36,9
17:49:53;23,3;43,7
17:49:54;21,8;43,4
17:49:55;23,7;39,2
17:49:56;21,1;42,1
17:49:57;22,4;44,7
17:49:58;21,0;39,6
17:49:59;22,2;38,8
17:50:00;20,3;41,2
17:50:01;20,9;41,3
17:50:02;20,9;43,2
17:50:03;24,5;40,2
17:50:04;20,4;36,8
17:50:05;20,3;42,8
17:50:06;24,3;35,8
17:50:07;21,8;41,7
17:50:08;23,3;43,6
17:50:09;21,3;41,1
17:50:10;24,8;39,0
17:50:11;24,4;37,8
17:50:12;24,3;36,4
17:50:13;22,6;40,7
17:50:14;24,5;38,9
17:50:15;20,1;36,4
17:50:16;22,5;41,6
17:50:17;23,5;42,2
17:50:18;22,8;40,4
17:50:19;21,3;44,5
17:50:20;24,7;40,1
17:50:21;24,6;42,6
17:50:22;20,2;38,0
17:50:23;21,1;36,9
17:50:24;24,7;36,2
17:50:25;23,4;36,3
17:50:26;23,5;40,3
17:50:27;21,6;36,1
17:50:28;24,2;43,7
17:50:29;24,4;44,7
17:50:30;22,1;41,7
17:50:31;21,0;43,5
17:50:32;20,0;43,6
17:50:33;22,1;36,4
17:50:34;20,5;39,0
17:50:35;23,0;37,1
17:50:36;22,9;36,7
17:50:37;20,7;37,9
17:50:38;22,5;38,2
17:50:39;23,2;35,2
17:50:40;24,5;35,5
17:50:41;21,9;36,5
17:50:42;21,5;38,4
17:50:43;23,3;43,6
17:50:45;20,6;38,2
17:50:46;20,4;40,7
17:50:47;22,0;41,5
17:50:48;20,3;43,5
17:50:49;21,5;40,5
17:50:50;20,1;38,7
17:50:51;23,3;37,3
17:50:52;20,6;35,2
17:50:53;21,9;41,8
17:50:54;24,7;38,2
17:50:55;21,3;35,8
17:50:56;21,6;37,8
17:50:57;24,6;38,0
17:50:58;22,9;42,4
17:50:59;20,1;40,7
17:51:00;21,6;42,6
17:51:01;21,4;42,4
17:51:02;20,9;37,0
17:51:03;20,1;39,8
17:51:04;24,0;39,4
17:51:05;23,5;44,2
17:51:06;23,1;38,7
17:51:07;20,5;41,0
17:51:08;20,7;37,3
17:51:09;21,1;37,5
17:51:10;22,1;44,8
17:51:11;24,6;43,9
17:51:12;23,1;42,7
17:51:13;22,5;39,2
17:51:14;21,6;43,2
17:51:15;24,4;35,9
17:51:16;24,5;38,6
17:51:17;20,9;42,6
17:51:18;20,1;37,7
17:51:19;22,5;35,3
17:51:20;20,1;39,5
17:51:21;20,8;40,9
17:51:22;23,2;44,7
17:51:23;20,8;43,3
17:51:24;22,9;43,7
17:51:25;23,1;35,7
17:51:26;24,9;35,7
17:51:27;23,1;43,3
17:51:28;23,1;36,5
17:51:29;20,1;38,2
17:51:30;24,3;40,6
17:51:31;24,3;35,7
17:51:32;23,4;39,6
17:51:33;24,7;39,9
17:51:34;21,2;39,7
17:51:35;22,5;40,4
17:51:36;24,4;43,1
17:51:37;24,8;36,7
17:51:38;20,7;40,5
17:51:39;20,5;39,9
17:51:40;21,3;37,6
17:51:41;23,8;35,1
17:51:42;20,2;36,1
17:51:43;20,8;42,0
17:51:44;23,6;35,6
17:51:45;21,6;39,7
17:51:46;24,7;35,0
17:51:47;20,5;38,7
17:51:48;23,4;41,8
17:51:49;24,3;37,0
17:51:50;21,3;41,9
17:51:51;22,7;37,2
17:51:52;24,5;44,1
17:51:53;23,0;43,3
17:51:54;20,9;36,1
17:51:55;20,1;43,6
17:51:56;24,4;39,7
17:51:57;21,8;42,1
17:51:58;23,2;39,4
17:51:59;20,1;35,5
17:52:00;23,1;39,5
17:52:01;22,6;43,5
17:52:02;20,3;41,2
17:52:03;23,1;42,2
17:52:04;21,9;37,2
17:52:05;22,6;38,0
17:52:06;20,9;35,7
17:52:07;20,6;39,7
17:52:08;20,1;36,1
17:52:09;21,7;39,8
17:52:10;22,2;38,5
17:52:11;23,8;40,7
17:52:12;22,7;37,1
17:52:13;23,1;42,5
17:52:14;21,5;36,7
17:52:15;20,2;41,8
17:52:16;24,2;35,2
17:52:17;24,9;42,0
17:52:18;21,8;39,9
17:52:19;21,0;41,5
17:52:20;20,6;40,6
17:52:21;24,8;43,0
17:52:22;22,6;37,5
17:52:23;20,2;41,5
17:52:24;21,2;39,1
17:52:25;21,1;42,3
17:52:26;24,2;44,0
17:52:27;22,3;40,2
17:52:28;21,0;43,5
17:52:29;22,3;39,7
17:52:30;21,8;39,0
17:52:31;21,4;38,1
17:52:32;24,7;43,6
17:52:33;21,9;38,8
17:52:34;20,3;43,7
17:52:35;24,1;40,1
17:52:36;21,9;41,8
17:52:37;24,2;41,5
17:52:38;20,4;40,5
17:52:39;22,3;44,3
17:52:40;24,8;41,2
17:52:41;22,8;39,9
17:52:42;23,8;42,4
17:52:43;24,1;36,7
17:52:44;21,2;39,7
17:52:45;23,8;44,0
17:52:46;20,2;41,0
17:52:47;20,1;42,9
17:52:48;23,4;38,1
17:52:49;22,6;37,7
17:52:50;24,5;36,6
17:52:51;21,4;44,9
17:52:52;21,2;41,6
17:52:53;24,6;37,4
17:52:54;21,3;38,0
17:52:55;22,1;35,8
17:52:56;22,6;44,7
17:52:57;24,5;44,0
17:52:58;21,7;35,6
17:52:59;24,9;43,5
17:53:00;23,9;36,6
17:53:01;22,0;42,9
17:53:02;24,1;38,7
17:53:03;21,6;36,3
17:53:04;23,8;36,0
17:53:05;21,8;42,1
17:53:06;23,4;39,4
17:53:07;22,5;42,8
17:53:08;24,6;44,8
17:53:09;24,4;38,6
17:53:10;21,2;44,2
17:53:11;20,3;43,8
17:53:12;22,0;35,1
17:53:13;21,9;43,0
17:53:14;24,8;39,8
17:53:15;23,4;39,9
17:53:16;24,0;41,4
17:53:17;21,1;43,7
17:53:18;22,4;36,3
17:53:19;21,1;43,3
17:53:20;23,6;42,1
17:53:21;23,5;42,7
17:53:22;21,1;42,0
17:53:23;23,5;41,4
17:53:24;21,6;44,4
17:53:25;24,4;42,8
17:53:26;20,8;43,3
17:53:27;22,0;43,6
17:53:28;21,9;43,1
17:53:29;20,6;44,0
17:53:30;24,9;44,9
17:53:31;21,9;38,4
17:53:32;21,1;44,2
17:53:33;23,6;43,5
17:53:34;20,9;41,9
17:53:35;22,1;35,8
17:53:36;23,5;44,6
17:53:37;21,3;38,4
17:53:38;20,9;44,4
17:53:39;21,1;39,1
17:53:40;21,5;38,3
17:53:41;23,2;42,6
17:53:42;23,1;40,7
17:53:43;23,0;43,9
17:53:44;21,7;42,5
17:53:45;23,9;37,5
17:53:46;21,6;41,2
17:53:47;23,6;44,6
17:53:48;20,2;39,6
17:53:49;21,2;41,1
17:53:50;21,8;37,8
17:53:51;24,3;36,7
17:53:52;22,3;37,7
17:53:53;23,7;42,5
17:53:54;24,0;38,7
17:53:55;23,9;35,0
17:53:56;20,9;38,8
17:53:57;24,8;37,5
17:53:58;22,1;44,9
17:53:59;24,0;43,3
17:54:00;22,7;39,4
17:54:01;25,0;44,9
17:54:02;21,6;43,1
17:54:03;21,1;39,6
17:54:04;22,1;42,7
17:54:05;21,1;40,3
17:54:06;24,5;44,9
17:54:07;22,8;35,3
17:54:08;23,9;38,5
17:54:09;23,4;40,5
17:54:10;20,0;38,1
17:54:11;22,1;37,2
17:54:12;20,2;35,0
17:54:13;24,0;43,1
17:54:14;22,5;39,4
17:54:15;20,6;36,6
17:54:16;23,8;36,7
17:54:17;23,5;42,9
17:54:18;21,7;39,2
17:54:19;23,9;36,4
17:54:20;25,0;41,1
17:54:21;20,1;42,4
17:54:22;20,3;41,5
17:54:23;20,6;45,0
17:54:24;23,7;43,0
17:54:25;22,8;37,2
17:54:26;21,4;41,4
17:54:27;24,0;40,6
17:54:28;23,7;41,9
17:54:29;23,3;42,8
17:54:30;20,3;36,6
17:54:31;21,6;43,8
17:54:32;20,3;35,3
17:54:33;23,0;39,9
17:54:34;22,8;36,1
17:54:35;24,6;42,6
17:54:36;20,9;42,3
17:54:37;21,0;42,4
17:54:38;22,9;44,9
17:54:39;23,3;41,8
17:54:40;21,1;40,3
17:54:41;20,8;42,8
17:54:42;23,9;44,4
17:54:43;20,6;40,7
17:54:44;21,3;44,4
17:54:45;24,3;37,6
17:54:46;20,4;41,4
17:54:47;25,0;37,1
17:54:48;22,3;38,0
17:54:49;21,4;44,1
17:54:50;24,5;41,8
17:54:51;22,2;43,6
17:54:52;21,0;38,2
17:54:53;22,9;38,0
17:54:54;23,2;39,4
17:54:55;22,9;39,4
17:54:56;21,9;37,1
17:54:57;21,5;35,7
17:54:58;20,4;37,9
17:54:59;21,4;39,6
17:55:00;20,3;39,3
17:55:01;23,8;38,9
17:55:02;22,1;41,6
17:55:03;20,7;42,8
17:55:04;21,1;38,5
17:55:05;20,6;40,5
17:55:06;24,3;40,7
17:55:07;22,0;37,2
17:55:08;20,0;40,4
17:55:09;23,7;35,3
17:55:10;23,3;38,5
17:55:11;23,4;42,7
17:55:12;24,1;42,0
17:55:13;23,6;40,2
17:55:14;22,2;37,1
17:55:15;22,3;38,5
17:55:16;22,6;42,8
17:55:17;20,9;40,7
17:55:18;21,7;40,1
17:55:19;20,1;35,5
17:55:20;22,1;41,1
17:55:21;24,3;36,6
17:55:22;20,8;44,7
17:55:23;22,1;40,8
17:55:24;23,7;41,9
17:55:25;23,4;44,0
17:55:26;21,5;42,9
17:55:27;23,4;41,5
17:55:28;20,1;40,4
17:55:29;23,9;37,8
17:55:30;20,7;36,6
17:55:31;23,0;44,0
17:55:32;24,7;35,7
17:55:33;21,8;40,2
17:55:34;24,9;43,0
17:55:35;20,0;44,8
17:55:36;21,8;44,1
17:55:37;20,0;37,3
17:55:38;24,0;42,3
17:55:39;24,9;37,0
17:55:40;21,5;44,0
17:55:41;20,5;42,2
17:55:42;21,6;43,1
17:55:43;21,4;43,0
17:55:44;23,9;37,4
17:55:45;24,0;36,1
17:55:46;23,7;35,8
17:55:47;22,7;35,9
17:55:48;21,0;43,7
17:55:49;21,9;38,0
17:55:50;22,6;37,8
17:55:51;20,4;35,4
17:55:52;20,9;41,0
17:55:53;20,3;45,0
17:55:54;21,6;35,0
17:55:55;20,9;37,6
17:55:56;23,3;37,6
17:55:57;23,1;44,6
17:55:58;20,2;39,3
17:55:59;23,6;40,7
17:56:00;24,4;38,7
17:56:01;24,3;39,1
17:56:02;23,9;43,3
17:56:03;22,7;41,6
17:56:04;22,4;44,4
17:56:05;21,0;44,9
17:56:06;23,4;41,9
17:56:07;22,0;43,0
17:56:08;22,3;39,2
17:56:09;24,9;35,7
17:56:10;23,1;38,4
17:56:11;20,6;44,7
17:56:12;23,7;37,6
17:56:13;22,2;38,0
17:56:14;22,2;40,8
17:56:15;24,4;40,5
17:56:16;23,6;40,8
17:56:17;23,8;44,0
17:56:18;21,3;41,8
17:56:19;21,8;36,9
17:56:20;23,8;36,9
17:56:21;20,3;44,2
17:56:22;24,0;43,6
17:56:23;23,7;39,7
17:56:24;22,5;38,7
17:56:25;23,0;38,7
17:56:26;22,3;39,5
17:56:27;23,5;41,2
17:56:28;21,0;43,6
17:56:29;21,3;40,1
17:56:30;20,9;39,3
17:56:31;20,3;39,7
17:56:32;22,1;40,9
17:56:33;21,9;41,8
17:56:34;21,4;44,7
17:56:35;21,6;40,4
17:56:36;23,3;35,2
17:56:38;20,1;44,2
17:56:39;21,7;39,0
17:56:39;23,9;40,8
17:56:40;24,2;40,0
17:56:42;24,2;44,6
17:56:42;23,6;43,9
17:56:44;20,3;37,8
17:56:45;20,0;40,2
17:56:46;21,4;38,0
17:56:47;21,0;38,8
17:56:48;20,4;37,5
17:56:49;24,2;37,3
17:56:50;21,5;41,8
17:56:51;24,9;43,5
17:56:52;22,2;39,4
17:56:53;21,8;40,8
17:56:54;21,4;40,0
17:56:55;21,4;35,2
17:56:56;21,5;40,6
17:56:57;23,3;36,2
17:56:58;20,3;39,2
17:56:59;21,0;37,3
17:57:00;21,6;42,2
17:57:01;20,2;42,5
17:57:02;23,7;44,2
17:57:03;22,1;36,6
17:57:04;23,0;41,2
17:57:05;24,6;42,6
17:57:06;21,1;44,5
17:57:07;20,7;42,6
17:57:08;24,6;40,8
17:57:09;21,8;38,4
17:57:10;21,6;44,1
17:57:11;22,2;44,3
17:57:12;21,3;37,5
17:57:13;23,4;39,0
17:57:14;24,0;38,4
17:57:15;22,4;41,7
17:57:16;20,9;39,1
17:57:17;23,5;35,7
17:57:18;22,7;40,8
17:57:19;21,1;42,4
17:57:20;22,9;43,8
17:57:21;22,7;43,7
17:57:22;20,7;38,2
17:57:23;22,5;40,3
17:57:24;20,3;44,6
17:57:25;23,4;37,8
17:57:26;21,2;39,3
17:57:27;24,3;36,4
17:57:28;23,2;40,5
17:57:29;22,6;39,8
17:57:30;23,6;36,1
17:57:31;23,1;35,4
17:57:32;24,0;41,7
17:57:33;23,5;41,4
17:57:34;24,6;38,0
17:57:35;24,5;40,7
17:57:36;20,6;35,1
17:57:37;23,0;39,6
17:57:38;22,9;37,2
17:57:39;21,3;40,4
17:57:40;23,6;36,7
17:57:41;23,2;41,4
17:57:42;23,2;39,7
17:57:43;24,9;41,6
17:57:44;20,9;35,7
17:57:45;23,8;36,4
17:57:46;21,3;38,8
17:57:47;24,1;43,2
17:57:48;24,6;43,2
17:57:49;25,0;43,5
17:57:50;23,2;43,5
17:57:51;23,7;38,7
17:57:52;24,9;35,6
17:57:53;23,8;43,6
17:57:54;22,2;44,1
17:57:55;21,7;42,4
17:57:56;21,9;41,4
17:57:57;20,7;37,1
17:57:58;22,8;39,2
17:57:59;20,9;42,8
17:58:00;23,6;44,8
17:58:01;24,9;40,5
17:58:02;22,8;42,7
17:58:03;25,0;40,9
17:58:04;22,1;36,8
17:58:05;24,0;35,3
17:58:06;20,9;40,6
17:58:07;24,7;35,7
17:58:08;20,5;42,5
17:58:09;22,0;40,8
17:58:10;22,7;41,9
17:58:11;24,3;42,5
17:58:12;20,7;41,8
17:58:13;22,1;39,2
17:58:14;23,3;35,5
17:58:15;22,3;39,0
17:58:16;21,5;40,9
17:58:17;20,5;37,4
17:58:18;24,7;43,3
17:58:19;23,2;39,8
17:58:20;20,8;38,4
17:58:21;22,8;35,9
17:58:22;22,5;38,2
17:58:23;23,4;36,4
17:58:24;24,0;40,4
17:58:25;22,2;38,4
17:58:26;22,0;38,1
17:58:27;24,7;39,5
17:58:28;20,1;43,1
17:58:29;21,6;38,8
17:58:30;24,2;39,6
17:58:31;20,5;43,3
17:58:32;23,8;41,6
17:58:33;22,9;41,4
17:58:34;21,9;35,9
17:58:35;22,3;43,7
17:58:36;24,7;37,3
17:58:37;21,0;42,9
17:58:38;23,6;40,0
17:58:39;23,5;41,5
17:58:40;24,3;43,9
17:58:41;20,8;44,8
17:58:42;24,8;35,7
17:58:43;20,2;44,4
17:58:44;20,9;42,7
17:58:45;23,9;39,2
17:58:46;24,8;41,9
17:58:47;24,4;35,6
17:58:48;21,0;42,0
17:58:49;20,9;42,3
17:58:50;21,6;39,4
17:58:51;20,8;35,2
17:58:52;22,0;43,4
17:58:53;21,4;36,7
17:58:54;22,6;37,4
17:58:55;20,7;44,9
17:58:56;22,0;35,4
17:58:57;22,2;35,3
17:58:58;22,4;39,8
17:58:59;21,5;37,9
17:59:00;20,7;41,8
17:59:01;21,1;40,4
17:59:02;24,4;36,7
17:59:03;23,3;41,2
17:59:04;23,8;38,7
17:59:05;24,4;39,2
17:59:06;21,6;35,2
17:59:07;20,8;44,0
17:59:08;23,0;37,3
17:59:09;20,7;39,4
17:59:10;24,8;43,7
17:59:11;20,5;40,6
17:59:12;20,3;37,1
17:59:13;22,6;37,7
17:59:14;21,9;41,0
17:59:15;20,1;35,5
17:59:16;20,5;43,0
17:59:17;23,9;39,9
17:59:18;21,9;43,9
17:59:19;21,9;35,9
17:59:20;24,2;38,3
17:59:21;24,7;40,9
17:59:22;20,5;42,8
17:59:23;24,2;36,2
17:59:24;22,0;35,8
17:59:25;24,9;36,1
17:59:26;24,8;42,7
17:59:27;21,2;40,8
17:59:28;21,9;36,2
17:59:29;20,0;44,5
17:59:30;21,5;43,3
17:59:31;24,9;44,5
17:59:32;22,0;39,5
17:59:33;22,6;41,7
17:59:34;21,9;44,1
17:59:35;22,0;41,0
17:59:36;21,5;44,1
17:59:37;21,5;37,2
17:59:38;20,1;39,4
17:59:39;23,7;42,2
17:59:40;24,8;42,8
17:59:41;24,6;43,8
17:59:42;20,6;40,8
17:59:43;20,1;38,1
17:59:44;23,0;41,2
17:59:45;21,4;40,6
17:59:46;24,4;40,1
17:59:47;20,8;41,3
17:59:48;22,3;39,3
17:59:49;23,5;43,2
17:59:50;24,5;42,9
17:59:51;23,2;43,9
17:59:52;23,9;42,8
17:59:53;24,2;44,9
17:59:54;20,1;43,3
17:59:55;23,2;41,5
17:59:56;24,7;37,3
17:59:57;22,9;43,6
17:59:58;22,2;40,2
17:59:59;22,1;37,5
18:00:00;24,4;35,7
18:00:01;21,8;42,6
18:00:02;23,2;42,5
18:00:03;24,3;39,1
18:00:04;20,4;40,3
18:00:05;22,9;35,5
18:00:06;20,2;39,3
18:00:07;22,8;38,0
18:00:08;21,7;43,1
18:00:09;24,7;42,9
18:00:10;21,4;38,8
18:00:11;20,2;44,2
18:00:12;20,7;40,4
18:00:13;20,6;35,8
18:00:14;23,2;43,9
18:00:15;22,3;42,9
18:00:16;23,6;42,0
18:00:17;21,5;40,9
18:00:18;24,7;44,0
18:00:19;24,6;35,1
18:00:20;24,9;44,7
18:00:21;22,7;40,6
18:00:22;23,8;41,9
18:00:23;22,5;44,2
18:00:24;23,2;37,4
18:00:25;21,0;39,3
18:00:26;23,4;35,3
18:00:27;21,8;37,2
18:00:28;20,7;40,9
18:00:29;21,4;36,3
18:00:30;23,5;37,3
18:00:31;21,8;41,9
18:00:32;22,0;41,7
18:00:33;22,0;37,0
18:00:34;21,6;35,2
18:00:35;23,5;39,5
18:00:36;24,4;44,9
18:00:37;24,7;38,2
18:00:38;21,6;44,6
18:00:39;20,7;38,0
18:00:40;24,7;40,2
18:00:41;22,1;36,8
18:00:42;20,7;35,3
18:00:43;21,1;42,1
18:00:44;23,6;43,6
18:00:45;24,1;37,0
18:00:46;24,7;44,9
18:00:47;23,1;38,0
18:00:48;23,7;43,2
18:00:49;23,1;38,3
18:00:50;20,2;41,3
18:00:51;21,6;35,5
18:00:52;22,4;39,6
18:00:53;24,9;36,5
18:00:54;21,6;40,8
18:00:55;21,9;37,5
18:00:56;22,5;37,7
18:00:57;21,8;41,7
18:00:58;23,8;44,4
18:00:59;22,7;38,9
18:01:00;24,0;43,9
18:01:01;23,0;39,4
18:01:02;23,7;35,4
18:01:03;21,3;35,1
18:01:04;21,0;43,6
18:01:05;21,6;39,0
18:01:06;23,5;44,7
18:01:07;22,4;37,7
18:01:08;21,0;37,0
18:01:09;21,1;38,8
18:01:10;23,8;42,7
18:01:11;24,0;43,3
18:01:12;20,5;43,4
18:01:13;20,1;36,0
18:01:14;24,6;35,2
18:01:15;23,7;41,7
18:01:16;21,1;36,3
18:01:17;22,8;42,6
18:01:18;20,8;38,2
18:01:19;24,6;38,8
18:01:20;22,1;44,5
18:01:21;24,8;43,8
18:01:22;23,9;40,4
18:01:23;20,6;41,1
18:01:24;20,7;44,7
18:01:25;22,3;38,2
18:01:26;22,7;41,3
18:01:27;23,7;44,5
18:01:28;24,8;44,4
18:01:29;23,0;44,1
18:01:30;24,3;36,4
18:01:31;21,4;42,3
18:01:32;21,3;37,8
18:01:33;22,2;41,7
18:01:34;23,7;36,0
18:01:35;24,2;36,2
18:01:36;22,0;41,6
18:01:37;23,8;43,4
18:01:38;23,7;44,4
18:01:39;23,1;44,8
18:01:40;21,0;40,2
18:01:41;21,4;38,0
18:01:42;23,6;41,6
18:01:43;20,5;44,3
18:01:44;23,0;40,8
18:01:45;21,7;43,5
18:01:46;21,1;39,3
18:01:47;23,4;42,3
18:01:48;21,2;41,3
18:01:49;21,0;40,9
18:01:50;24,3;38,8
18:01:51;21,1;39,6
18:01:52;21,8;41,7
18:01:53;24,2;39,3
18:01:54;24,6;38,3
18:01:55;21,0;36,2
18:01:56;24,1;43,9
18:01:57;23,1;44,8
18:01:58;24,4;43,8
18:01:59;23,5;44,5
18:02:00;24,7;41,5
18:02:01;23,0;39,6
18:02:02;21,7;44,9
18:02:03;20,5;42,6
18:02:04;24,4;43,4
18:02:05;23,0;39,7
18:02:06;21,9;37,9
18:02:08;21,5;36,6
18:02:08;22,9;38,7
18:02:10;22,4;41,4
18:02:11;21,0;44,4
18:02:12;22,9;44,0
18:02:13;20,5;44,3
18:02:14;20,0;41,3
18:02:15;21,5;37,4
18:02:16;21,7;44,2
18:02:17;20,7;41,6
18:02:18;20,9;40,6
18:02:19;22,8;38,7
18:02:20;21,6;44,9
18:02:21;22,2;44,6
18:02:22;20,3;42,1
18:02:23;23,1;39,9
18:02:24;24,8;39,6
18:02:25;23,1;35,6
18:02:26;20,1;40,0
18:02:27;21,3;42,6
18:02:28;20,4;40,7
18:02:29;20,6;37,0
18:02:30;24,4;41,2
18:02:31;23,8;42,1
18:02:32;21,0;40,7
18:02:33;21,3;42,2
18:02:34;23,2;37,7
18:02:35;23,4;38,4
18:02:36;23,1;36,1
18:02:37;22,8;43,3
18:02:38;24,7;38,5
18:02:39;23,0;42,2
18:02:40;23,1;38,2
18:02:41;24,6;37,1
18:02:42;23,5;44,5
18:02:43;24,3;36,7
18:02:44;24,3;35,4
18:02:45;23,7;38,3
18:02:46;22,7;40,0
18:02:47;24,4;43,1
18:02:48;23,9;35,8
18:02:49;22,2;38,7
18:02:50;23,8;40,3
18:02:51;21,2;40,2
18:02:52;23,7;35,7
18:02:53;21,5;40,8
18:02:54;20,8;38,2
18:02:55;24,5;40,1
18:02:56;23,1;42,7
18:02:57;20,3;38,4
18:02:58;20,0;37,6
18:02:59;23,9;44,7
18:03:00;23,9;43,5
18:03:01;23,2;40,1
18:03:02;24,2;39,5
18:03:03;22,1;43,1
18:03:04;20,1;43,6
18:03:05;23,2;39,9
18:03:06;24,0;39,6
18:03:07;23,7;40,3
18:03:08;22,4;38,2
18:03:09;20,1;40,8
18:03:10;20,2;45,0
18:03:11;22,9;35,5
18:03:12;23,3;43,5
18:03:13;24,5;39,7
18:03:14;24,7;44,7
18:03:15;23,7;36,9
18:03:16;20,4;44,6
18:03:17;22,8;43,8
18:03:18;22,3;44,1
18:03:19;21,5;40,3
18:03:20;21,6;35,1
18:03:21;22,5;39,8
18:03:22;24,0;43,5
18:03:23;20,0;36,2
18:03:24;20,1;42,9
18:03:25;22,8;36,5
18:03:26;21,0;40,8
18:03:27;21,8;43,0
18:03:28;20,6;38,1
18:03:29;22,9;40,5
18:03:30;20,5;40,4
18:03:31;23,2;36,5
18:03:32;20,9;39,7
18:03:33;21,5;39,0
18:03:34;21,8;40,8
18:03:35;21,9;39,1
18:03:36;22,5;35,5
18:03:37;20,3;38,6
18:03:38;23,4;41,1
18:03:39;22,0;44,6
18:03:40;22,5;35,7
18:03:41;23,5;36,5
18:03:42;22,0;36,9
18:03:43;21,6;38,1
18:03:44;20,5;37,7
18:03:45;23,8;37,8
18:03:46;22,1;39,8
18:03:47;20,1;36,8
18:03:48;20,4;41,5
18:03:49;22,8;41,5
18:03:50;22,8;35,0
18:03:51;21,3;38,1
18:03:52;20,3;36,2
18:03:53;22,4;40,2
18:03:54;22,0;41,5
18:03:55;24,7;41,9
18:03:56;24,2;44,9
18:03:57;20,6;38,3
18:03:58;25,0;41,7
18:03:59;21,3;41,3
18:04:00;23,1;39,3
18:04:01;24,3;39,2
18:04:02;22,7;39,0
18:04:03;21,2;43,7
18:04:04;22,7;40,5
18:04:05;24,0;39,4
18:04:06;21,1;36,2
18:04:07;20,8;43,7
18:04:08;24,9;43,1
18:04:09;23,4;41,5
18:04:10;20,9;40,3
18:04:11;24,9;35,0
18:04:12;24,2;37,9
18:04:13;24,6;41,1
18:04:14;20,3;40,4
18:04:15;23,4;44,3
18:04:16;21,0;39,9
18:04:17;21,2;40,0
18:04:18;22,0;42,0
18:04:19;23,1;44,0
18:04:20;24,4;36,3
18:04:21;24,7;37,8
18:04:22;21,9;35,2
18:04:23;24,1;37,3
18:04:24;21,8;36,4
18:04:25;23,8;39,0
18:04:26;20,6;40,5
18:04:27;23,2;35,4
18:04:28;22,2;42,8
18:04:29;22,1;40,2
18:04:30;20,0;38,0
18:04:31;22,8;37,5
18:04:32;24,2;37,5
18:04:33;24,8;41,4
18:04:34;22,4;43,1
18:04:35;20,9;43,3
18:04:36;20,4;40,3
18:04:37;24,8;37,4
18:04:38;24,3;43,0
18:04:39;24,8;40,5
18:04:40;23,0;41,7
18:04:41;21,5;38,3
18:04:42;24,3;43,5
18:04:43;21,6;36,7
18:04:44;22,7;35,1
18:04:45;21,8;41,1
18:04:46;20,9;39,0
18:04:47;22,5;41,3
18:04:48;22,2;42,2
18:04:49;23,5;40,1
18:04:50;22,5;36,6
18:04:51;22,8;39,4
18:04:52;23,0;41,9
18:04:53;21,0;35,2
18:04:54;21,6;41,4
18:04:55;22,8;38,6
18:04:56;22,5;38,2
18:04:57;23,9;44,8
18:04:58;22,9;41,3
18:04:59;22,7;36,9
18:05:00;24,7;42,7
18:05:01;23,9;37,9
18:05:02;20,3;38,1
18:05:03;20,9;41,7
18:05:04;23,2;44,3
18:05:05;21,0;43,6
18:05:06;23,4;37,8
18:05:07;20,8;37,0
18:05:08;20,1;36,6
18:05:09;24,5;38,4
18:05:10;21,4;44,9
18:05:11;24,0;35,6
18:05:12;22,3;35,1
18:05:13;22,2;39,6
18:05:14;21,3;35,2
18:05:15;24,2;39,7
18:05:16;20,7;41,0
18:05:17;24,7;40,9
18:05:18;21,3;39,9
18:05:19;23,5;42,1
18:05:20;23,7;37,7
18:05:21;23,9;35,4
18:05:22;23,2;40,8
18:05:23;22,5;44,6
18:05:24;21,9;41,8
18:05:25;21,7;35,8
18:05:26;21,2;35,8
18:05:27;20,7;39,9
18:05:28;23,7;44,5
18:05:29;22,8;44,4
18:05:30;20,3;44,9
18:05:31;20,6;40,0
18:05:32;22,4;38,6
18:05:33;24,4;38,3
18:05:34;23,6;37,3
18:05:35;23,9;37,5
18:05:36;24,0;42,4
18:05:37;22,4;35,2
18:05:38;23,4;44,7
18:05:39;22,6;38,4
18:05:40;20,1;36,5
18:05:41;21,9;44,6
18:05:42;24,1;42,1
18:05:43;20,2;37,4
18:05:44;24,6;41,4
18:05:45;24,4;35,1
18:05:46;24,0;37,6
18:05:47;23,0;38,0
18:05:48;21,0;36,6
18:05:49;22,0;40,5
18:05:50;23,8;38,8
18:05:51;20,6;35,0
18:05:52;22,0;37,9
18:05:53;23,8;42,4
18:05:54;23,8;35,4
18:05:55;22,2;42,6
18:05:56;22,9;38,3
18:05:57;20,9;37,7
18:05:58;22,7;44,6
18:05:59;20,3;42,5
18:06:00;21,9;38,0
18:06:01;24,4;36,0
18:06:02;20,9;42,5
18:06:03;22,9;40,2
18:06:04;23,4;35,6
18:06:05;23,7;40,1
18:06:06;20,5;39,1
18:06:07;24,0;44,2
18:06:08;23,4;39,7
18:06:09;24,6;37,1
18:06:10;22,7;42,0
18:06:11;23,6;35,9
18:06:12;21,3;43,2
18:06:13;22,8;35,6
18:06:14;22,0;40,8
18:06:15;24,8;36,0
18:06:16;23,4;41,7
18:06:17;24,8;43,2
18:06:18;22,7;36,8
18:06:19;23,6;35,5
18:06:20;20,5;40,2
18:06:21;20,3;41,6
18:06:22;22,9;42,8
18:06:23;23,6;39,6
18:06:24;20,2;40,8
18:06:25;21,4;43,5
18:06:26;20,4;43,5
18:06:27;21,1;41,5
18:06:28;20,1;44,6
18:06:29;22,5;38,1
18:06:30;24,2;41,9
18:06:31;24,9;41,7
18:06:32;21,9;37,7
18:06:33;24,7;37,4
18:06:34;23,2;37,3
18:06:35;22,0;39,9
18:06:36;22,1;43,2
18:06:37;23,9;41,1
18:06:38;24,1;39,5
18:06:39;21,1;40,8
18:06:40;20,4;42,4
18:06:41;24,0;41,4
18:06:42;23,5;38,3
18:06:43;21,0;36,0
18:06:44;24,5;42,9
18:06:45;20,9;44,5
18:06:46;21,5;43,8
18:06:47;24,8;42,5
18:06:48;23,0;42,2
18:06:49;24,3;40,0
18:06:50;21,3;43,0
18:06:51;23,9;44,4
18:06:52;24,6;42,8
18:06:53;22,7;39,6
18:06:55;21,0;40,9
18:06:56;22,9;44,9
18:06:57;21,2;37,0
18:06:58;20,7;38,6
18:06:59;22,6;41,3
18:07:00;21,5;41,0
18:07:01;24,8;35,3
18:07:02;22,7;41,9
18:07:03;24,4;35,3
18:07:04;22,9;39,4
18:07:05;23,0;39,7
18:07:06;25,0;37,1
18:07:07;21,2;38,7
18:07:08;24,0;35,1
18:07:09;23,2;42,2
18:07:10;22,7;44,2
18:07:11;22,8;40,4
18:07:12;20,8;37,0
18:07:13;24,9;44,8
18:07:14;24,6;42,0
18:07:15;21,8;36,2
18:07:16;22,2;37,7
18:07:17;21,3;43,3
18:07:18;21,8;36,7
18:07:19;20,2;40,0
18:07:20;23,9;40,1
18:07:21;21,5;36,2
18:07:22;23,8;35,7
18:07:23;22,4;41,0
18:07:24;22,9;35,6
18:07:25;23,2;41,3
18:07:26;20,2;42,4
18:07:27;20,6;37,4
18:07:28;21,3;36,1
18:07:29;24,7;40,6
18:07:30;24,6;35,3
18:07:31;24,8;43,0
18:07:32;23,0;40,2
18:07:33;21,8;44,4
18:07:34;22,8;38,3
18:07:35;20,5;36,2
18:07:36;24,5;43,0
18:07:37;23,9;43,8
18:07:38;20,4;41,4
18:07:39;23,5;35,4
18:07:40;21,4;35,5
18:07:41;22,4;43,5
18:07:42;22,7;37,9
18:07:43;20,6;39,7
18:07:44;20,1;40,1
18:07:45;22,6;40,0
18:07:46;24,8;40,4
18:07:47;23,6;36,2
18:07:48;20,4;38,4
18:07:49;23,9;43,8
18:07:50;22,2;36,2
18:07:51;20,5;40,4
18:07:52;21,8;42,3
18:07:53;22,7;44,7
18:07:54;24,5;42,1
18:07:55;22,1;37,1
18:07:56;21,9;43,4
18:07:57;23,1;42,2
18:07:58;22,2;43,9
18:07:59;24,4;39,2
18:08:00;22,9;39,0
18:08:01;24,4;43,1
18:08:02;22,5;44,5
18:08:03;24,5;35,2
18:08:04;22,4;39,7
18:08:05;24,4;41,6
18:08:06;24,7;43,2
18:08:07;22,0;38,5
18:08:08;20,5;41,6
18:08:09;23,3;43,7
18:08:10;22,7;39,0
18:08:11;24,6;35,4
18:08:12;20,4;42,9
18:08:13;23,7;44,9
18:08:14;21,5;39,6
18:08:15;24,3;37,9
18:08:16;22,7;41,5
18:08:17;23,6;43,3
18:08:18;24,5;43,1
18:08:19;23,0;35,7
18:08:20;21,9;37,1
18:08:21;20,5;41,4
18:08:22;22,1;42,7
18:08:23;22,9;35,7
18:08:24;22,7;41,5
18:08:25;20,8;35,7
18:08:26;20,9;42,6
18:08:27;20,7;37,6
18:08:28;23,8;38,5
18:08:29;22,7;35,9
18:08:30;21,1;39,7
18:08:31;24,2;36,0
18:08:32;24,6;42,5
18:08:33;22,9;43,3
18:08:34;23,4;43,7
18:08:35;23,4;40,2
18:08:36;24,9;43,4
18:08:37;20,8;43,9
18:08:38;24,5;44,6
18:08:39;21,1;41,3
18:08:40;24,1;36,6
18:08:41;21,0;35,9
18:08:42;23,7;38,9
18:08:43;20,5;38,3
18:08:44;21,3;35,1
18:08:45;22,2;40,8
18:08:46;20,1;38,8
18:08:47;24,6;36,4
18:08:48;21,5;43,6
18:08:49;22,6;43,6
18:08:50;23,8;44,3
18:08:51;24,4;39,1
18:08:52;21,2;40,3
18:08:53;23,5;38,9
18:08:54;21,4;40,8
18:08:55;22,3;43,3
18:08:56;24,0;35,6
18:08:57;23,1;36,3
18:08:58;20,2;41,0
18:08:59;21,6;40,9
18:09:00;20,4;36,4
18:09:01;20,6;38,3
18:09:02;20,2;36,9
18:09:03;20,5;44,5
18:09:04;24,2;38,5
18:09:05;21,9;42,4
18:09:06;22,8;36,5
18:09:07;21,2;39,4
18:09:08;20,2;35,4
18:09:09;20,8;42,5
18:09:10;21,6;37,7
18:09:11;23,3;41,3
18:09:12;22,4;42,6
18:09:13;23,1;39,4
18:09:14;20,6;36,4
18:09:15;23,7;35,8
18:09:16;25,0;39,4
18:09:17;20,3;37,1
18:09:18;21,7;42,7
18:09:19;23,5;36,3
18:09:20;24,4;40,8
18:09:21;24,6;38,9
18:09:22;22,5;44,1
18:09:23;21,9;37,2
18:09:24;20,3;42,8
18:09:25;23,9;38,6
18:09:26;23,6;37,8
18:09:27;24,1;38,7
18:09:28;21,7;44,6
18:09:29;22,3;41,7
18:09:30;24,7;35,6
18:09:31;21,7;41,5
18:09:32;22,9;41,8
18:09:33;21,0;38,8
18:09:34;23,8;39,4
18:09:35;24,3;35,5
18:09:36;22,9;37,2
18:09:37;23,5;40,4
18:09:38;22,3;40,8
18:09:39;22,4;44,0
18:09:40;21,3;42,8
18:09:41;23,1;36,9
18:09:42;22,4;37,5
18:09:43;23,3;43,8
18:09:44;21,5;43,2
18:09:45;21,7;38,0
18:09:46;24,9;36,2
18:09:47;20,3;40,6
18:09:48;22,2;41,5
18:09:49;22,6;43,2
18:09:50;24,8;39,9
18:09:51;23,9;41,8
18:09:52;21,1;41,4
18:09:53;24,2;36,7
18:09:54;23,9;38,7
18:09:55;21,3;36,0
18:09:56;21,0;37,6
18:09:57;23,1;38,6
18:09:58;20,5;38,8
18:09:59;23,5;35,7
18:10:00;21,3;37,7
18:10:01;20,2;40,9
18:10:02;24,6;36,7
18:10:03;21,7;37,7
18:10:04;24,6;38,1
18:10:05;22,7;43,7
18:10:06;20,2;41,6
18:10:07;24,5;41,3
18:10:08;22,1;43,2
18:10:09;22,4;35,7
18:10:10;24,6;41,1
18:10:11;21,6;38,0
18:10:12;22,1;39,1
18:10:13;24,8;42,8
18:10:14;20,6;37,1
18:10:15;20,4;41,5
18:10:16;20,4;38,9
18:10:17;23,0;39,7
18:10:18;22,9;40,9
18:10:19;20,9;39,1
18:10:20;22,1;44,2
18:10:21;22,8;38,6
18:10:22;21,3;35,4
18:10:23;20,1;39,6
18:10:24;23,0;44,5
18:10:25;24,1;36,0
18:10:26;24,1;43,1
18:10:27;24,6;45,0
18:10:28;21,5;37,1
18:10:29;21,7;43,5
18:10:30;22,4;43,1
18:10:31;20,7;44,3
18:10:32;21,6;35,8
18:10:33;23,2;44,6
18:10:34;23,4;42,1
18:10:35;22,6;42,8
18:10:36;22,2;41,3
18:10:37;20,8;35,6
18:10:38;22,6;35,0
18:10:39;20,4;36,5
18:10:40;23,3;41,9
18:10:41;24,5;44,1
18:10:42;21,5;43,7
18:10:43;24,3;35,3
18:10:44;20,4;40,3
18:10:45;22,1;36,2
18:10:46;21,4;39,0
18:10:47;21,1;38,2
18:10:48;24,2;40,3
18:10:49;23,8;37,6
18:10:50;22,5;37,7
18:10:51;23,0;35,2
18:10:52;22,0;43,4
18:10:53;23,3;38,5
18:10:54;20,5;39,0
18:10:55;21,3;44,4
18:10:56;22,6;36,8
18:10:57;21,8;39,5
18:10:58;24,2;35,3
18:10:59;21,7;42,6
18:11:00;24,5;41,9
18:11:01;20,8;42,5
18:11:02;23,5;39,8
18:11:03;21,7;41,5
18:11:04;20,5;35,9
18:11:05;22,2;35,7
18:11:06;22,2;45,0
18:11:07;21,7;35,1
18:11:08;20,2;43,1
18:11:09;23,3;43,5
18:11:10;23,6;37,0
18:11:11;22,7;38,2
18:11:12;24,1;39,6
18:11:13;21,7;40,0
18:11:14;22,6;44,9
18:11:15;24,9;42,4
18:11:16;23,7;35,1
18:11:17;24,4;43,2
18:11:18;22,0;36,0
18:11:19;22,6;39,3
18:11:20;20,3;42,3
18:11:21;22,7;38,3
18:11:22;23,3;35,5
18:11:23;23,1;43,8
18:11:24;24,2;38,2
18:11:26;23,1;39,1
18:11:27;23,9;42,8
18:11:28;23,1;41,5
18:11:29;20,0;37,3
18:11:30;20,4;44,2
18:11:31;20,2;36,0
18:11:32;22,3;37,7
18:11:33;20,6;37,4
18:11:34;23,2;40,8
18:11:35;22,0;37,1
18:11:36;22,3;39,1
18:11:37;24,1;42,6
18:11:38;23,9;37,6
18:11:39;22,9;38,2
18:11:40;20,7;35,1
18:11:41;21,2;38,4
18:11:42;21,6;43,2
18:11:43;22,8;36,7
18:11:44;20,8;36,3
18:11:45;21,1;37,1
18:11:46;20,6;41,8
18:11:47;23,3;35,8
18:11:48;24,2;37,5
18:11:49;20,4;43,6
18:11:50;21,4;41,1
18:11:51;20,5;42,9
18:11:52;22,6;36,7
18:11:53;20,6;45,0
18:11:54;21,8;42,6
18:11:55;22,8;42,7
18:11:56;23,6;43,0
18:11:57;24,2;39,0
18:11:58;20,9;40,7
18:11:59;22,4;38,2
18:12:00;23,8;41,3
18:12:01;22,3;42,4
18:12:02;24,1;44,7
18:12:03;23,0;37,6
18:12:04;21,4;38,8
18:12:05;24,3;39,2
18:12:06;21,8;37,0
18:12:07;20,2;36,7
18:12:08;23,7;42,3
18:12:09;24,0;36,2
18:12:10;22,2;43,3
18:12:11;21,4;40,6
18:12:12;20,7;38,9
18:12:13;22,4;39,4
18:12:14;22,3;44,1
18:12:15;20,2;42,6
18:12:16;20,1;43,4
18:12:17;20,0;39,4
18:12:18;22,8;35,5
18:12:19;23,7;41,9
18:12:20;21,5;44,1
18:12:21;21,2;35,1
18:12:22;21,1;39,3
18:12:23;23,5;43,7
18:12:24;22,0;38,5
18:12:25;20,5;43,0
18:12:26;20,3;38,1
18:12:27;23,2;40,2
18:12:28;22,4;39,1
18:12:29;24,2;44,6
18:12:30;24,4;36,2
18:12:31;23,0;41,6
18:12:32;24,5;43,1
18:12:33;24,6;42,3
18:12:34;24,4;38,8
18:12:35;24,3;42,1
18:12:36;20,2;42,6
18:12:37;22,5;41,0
18:12:38;24,4;35,7
18:12:39;20,2;42,9
18:12:40;23,8;37,6
18:12:41;20,5;41,3
18:12:42;23,9;44,3
18:12:43;22,6;39,7
18:12:44;23,3;40,2
18:12:45;24,9;42,2
18:12:46;23,1;37,8
18:12:47;22,8;39,2
18:12:48;24,9;43,0
18:12:49;20,3;37,7
18:12:50;20,5;44,0
18:12:51;24,0;36,6
18:12:52;23,8;38,6
18:12:53;24,3;37,2
18:12:54;22,6;42,3
18:12:55;23,6;43,3
18:12:56;24,0;38,9
18:12:57;23,4;40,8
18:12:58;21,3;38,9
18:12:59;21,3;39,0
18:13:00;23,8;43,6
18:13:01;24,1;38,1
18:13:02;21,4;38,3
18:13:03;22,2;35,6
18:13:04;22,5;41,9
18:13:05;23,5;40,2
18:13:06;22,2;41,6
18:13:07;24,0;43,4
18:13:08;22,8;37,8
18:13:09;22,4;40,5
18:13:10;21,8;39,5
18:13:11;21,6;44,1
18:13:12;24,8;42,5
18:13:13;21,5;41,0
18:13:14;24,1;37,8
18:13:15;23,0;36,1
18:13:16;23,3;43,0
18:13:17;21,8;43,7
18:13:18;23,5;35,6
18:13:19;22,5;35,1
18:13:20;22,1;38,2
18:13:21;22,9;40,4
18:13:22;24,2;38,4
18:13:23;23,2;40,1
18:13:24;21,8;39,1
18:13:25;20,7;43,1
18:13:26;23,5;41,1
18:13:27;22,1;39,5
18:13:28;22,9;44,0
18:13:29;23,4;42,2
18:13:30;24,7;41,7
18:13:31;21,5;42,8
18:13:32;21,1;43,2
18:13:33;21,0;35,8
18:13:34;22,6;37,8
18:13:35;21,5;44,9
18:13:36;24,1;44,7
18:13:37;22,1;41,9
18:13:38;21,5;42,4
18:13:39;20,0;37,4
18:13:40;24,5;43,8
18:13:41;23,7;44,4
18:13:42;23,1;37,2
18:13:43;22,8;40,2
18:13:44;23,1;44,9
18:13:45;23,0;35,6
18:13:46;23,7;44,9
18:13:47;24,1;42,1
18:13:48;21,5;41,5
18:13:49;24,8;37,3
18:13:50;24,5;38,5
18:13:51;23,9;43,7
18:13:52;24,5;39,3
18:13:53;21,2;35,1
18:13:54;23,3;40,3
18:13:55;23,7;37,8
18:13:56;20,6;35,4
18:13:57;22,4;38,7
18:13:58;23,6;38,5
18:13:59;23,4;36,2
18:14:00;23,1;39,1
18:14:01;21,5;37,4
18:14:02;21,8;37,4
18:14:03;20,2;44,4
18:14:04;20,5;44,8
18:14:05;24,7;39,5
18:14:06;22,5;40,3
18:14:07;23,5;39,3
18:14:08;20,1;44,4
18:14:09;24,6;37,6
18:14:10;22,2;43,4
18:14:11;23,5;35,6
18:14:12;24,2;37,1
18:14:13;20,4;44,5
18:14:14;20,0;37,3
18:14:15;21,9;37,9
18:14:16;24,0;41,6
18:14:17;20,4;35,3
18:14:18;24,4;42,4
18:14:19;23,3;42,1
18:14:20;20,0;40,1
18:14:21;24,6;39,7
18:14:22;22,4;37,1
18:14:23;20,3;36,1
18:14:24;21,1;35,8
18:14:25;24,2;42,2
18:14:26;23,5;39,8
18:14:27;24,6;43,5
18:14:28;24,7;40,6
18:14:29;20,9;38,7
18:14:30;24,4;42,0
18:14:31;23,0;43,8
18:14:32;22,5;36,8
18:14:33;21,5;43,0
18:14:34;21,4;41,6
18:14:35;20,0;42,7
18:14:36;24,8;35,2
18:14:37;20,2;40,6
18:14:38;23,7;35,1
18:14:39;20,5;36,2
18:14:40;22,8;40,4
18:14:41;24,5;38,6
18:14:42;20,7;36,5
18:14:43;24,3;40,1
18:14:44;21,3;41,0
18:14:45;23,0;37,8
18:14:46;20,3;36,7
18:14:47;22,9;41,3
18:14:48;21,0;36,8
18:14:49;25,0;37,3
18:14:50;24,0;36,3
18:14:51;20,6;36,1
18:14:52;22,8;41,9
18:14:53;20,5;36,8
18:14:54;21,0;43,5
18:14:55;22,3;41,1
18:14:56;23,6;43,8
18:14:57;23,4;37,1
18:14:58;22,9;37,6
18:14:59;22,5;39,4
18:15:00;23,3;39,4
18:15:01;24,3;43,5
18:15:02;22,5;44,2
18:15:03;20,9;44,7
18:15:04;22,5;40,3
18:15:05;21,7;36,5
18:15:06;24,7;43,3
18:15:07;25,0;37,2
18:15:08;22,8;37,6
18:15:09;24,0;40,5
18:15:10;22,5;37,1
18:15:11;20,1;37,0
18:15:12;23,0;35,5
18:15:13;21,3;35,3
18:15:14;23,3;35,3
18:15:15;20,1;40,8
18:15:16;23,2;38,8
18:15:17;21,0;44,3
18:15:18;24,9;41,1
18:15:19;23,6;43,9
18:15:20;20,8;37,3
18:15:21;20,2;39,0
18:15:22;21,8;39,9
18:15:23;20,8;40,2
18:15:24;24,1;44,8
18:15:25;21,5;43,1
18:15:26;23,6;37,0
18:15:27;22,4;38,6
18:15:28;21,1;37,4
18:15:29;23,9;43,7
18:15:30;20,9;41,9
18:15:31;20,1;41,8
18:15:32;20,5;36,5
18:15:33;21,1;36,9
18:15:34;24,2;40,1
18:15:35;20,7;37,0
18:15:36;21,6;41,7
18:15:37;21,9;37,9
18:15:38;24,2;41,4
18:15:39;23,9;38,8
18:15:40;21,4;38,1
18:15:41;20,9;44,2
18:15:42;21,3;39,1
18:15:43;21,7;37,8
18:15:44;21,2;36,9
18:15:45;21,2;39,9
18:15:46;23,0;35,1
18:15:47;22,5;44,3
18:15:48;21,4;40,9
18:15:49;20,7;42,9
18:15:50;22,3;41,9
18:15:51;20,9;39,9
18:15:52;22,3;38,1
18:15:53;22,8;37,8
18:15:54;24,4;35,4
18:15:55;24,3;39,5
18:15:56;22,7;44,1
18:15:57;22,1;36,9
18:15:58;20,1;39,0
18:15:59;22,6;38,8
18:16:00;23,4;40,4
18:16:01;24,0;39,6
18:16:02;25,0;35,3
18:16:03;22,1;43,1
18:16:04;20,8;37,0
18:16:05;24,0;40,6
18:16:06;20,1;38,3
18:16:07;21,0;40,8
18:16:08;22,1;38,8
18:16:09;23,8;39,0
18:16:10;23,4;37,1
18:16:11;20,8;39,2
18:16:12;22,1;36,3
18:16:13;21,0;38,7
18:16:14;21,8;38,1
18:16:15;21,1;35,3
18:16:16;21,1;40,1
18:16:17;22,4;43,7
18:16:18;23,8;43,2
18:16:19;23,0;43,3
18:16:20;22,1;43,5
18:16:21;20,5;42,1
18:16:22;20,3;43,8
18:16:23;24,8;38,5
18:16:24;24,2;44,1
18:16:25;20,7;39,2
18:16:26;21,7;38,0
18:16:27;20,4;35,4
18:16:28;24,4;39,1
18:16:29;21,3;38,6
18:16:30;23,5;42,9
18:16:31;21,5;38,7
18:16:32;24,2;40,8
18:16:33;22,7;44,6
18:16:34;24,6;35,1
18:16:35;20,8;41,0
18:16:36;21,8;39,0
18:16:38;21,2;37,0
18:16:39;20,7;40,0
18:16:40;20,1;37,1
18:16:41;22,6;38,3
18:16:42;24,8;36,8
18:16:43;20,8;35,6
18:16:44;21,5;36,9
18:16:45;23,0;42,8
18:16:46;23,9;39,0
18:16:47;20,6;35,7
18:16:48;21,9;44,0
18:16:49;21,8;37,5
18:16:50;23,3;39,7
18:16:51;20,1;44,9
18:16:52;22,0;44,9
18:16:53;21,2;40,3
18:16:54;20,4;39,9
18:16:55;20,9;43,8
18:16:56;22,1;40,2
18:16:57;24,9;44,0
18:16:58;23,7;45,0
18:16:59;24,5;39,5
18:17:00;20,1;36,1
18:17:01;23,6;44,9
18:17:02;21,2;43,6
18:17:03;23,9;43,8
18:17:04;24,7;37,0
18:17:05;23,9;37,2
18:17:06;24,4;36,3
18:17:07;21,9;36,9
18:17:08;21,4;42,6
18:17:09;22,7;44,8
18:17:10;21,7;37,4
18:17:11;22,0;43,1
18:17:12;23,1;42,2
18:17:13;21,5;39,4
18:17:14;21,9;35,1
18:17:15;23,1;44,5
18:17:16;21,9;44,8
18:17:17;22,8;43,7
18:17:18;20,0;42,5
18:17:19;23,8;42,5
18:17:20;20,5;35,4
18:17:21;23,7;38,7
18:17:22;22,9;41,4
18:17:23;24,3;38,0
18:17:24;23,7;42,6
18:17:25;20,2;37,4
18:17:26;23,2;39,0
18:17:27;20,8;43,9
18:17:28;24,2;40,8
18:17:29;24,5;35,1
18:17:30;23,3;37,7
18:17:31;23,1;36,8
18:17:32;22,4;39,0
18:17:33;24,3;39,7
18:17:34;20,2;41,4
18:17:35;23,4;40,8
18:17:36;20,9;38,9
18:17:37;20,4;42,5
18:17:38;24,0;44,3
18:17:39;23,9;39,4
18:17:40;22,5;39,7
18:17:41;22,9;40,5
18:17:42;20,7;36,2
18:17:43;23,4;35,6
18:17:44;22,1;38,5
18:17:45;20,9;42,5
18:17:46;23,1;36,6
18:17:47;23,5;37,7
18:17:48;21,3;36,3
18:17:49;20,8;36,9
18:17:50;24,0;36,3
18:17:51;24,4;40,3
18:17:52;20,7;37,2
18:17:53;21,3;37,8
18:17:54;21,2;43,5
18:17:55;22,0;36,7
18:17:56;24,7;43,8
18:17:57;22,9;40,9
18:17:58;23,0;40,8
18:17:59;23,0;39,3
18:18:00;21,2;37,9
18:18:01;21,0;43,1
18:18:02;23,3;35,7
18:18:03;23,8;38,3
18:18:04;23,2;43,4
18:18:05;20,6;38,5
18:18:06;23,5;38,8
18:18:07;21,0;43,2
18:18:08;23,2;37,1
18:18:09;22,8;40,9
18:18:10;24,2;43,5
18:18:11;23,7;37,2
18:18:12;23,8;40,7
18:18:13;24,8;38,1
18:18:14;24,4;41,7
18:18:15;21,0;43,7
18:18:16;22,6;37,0
18:18:17;22,8;43,5
18:18:18;24,0;41,3
18:18:19;23,8;43,1
18:18:20;20,4;43,1
18:18:21;24,9;40,2
18:18:22;23,2;37,3
18:18:23;21,2;44,3
18:18:24;21,5;42,3
18:18:25;22,4;41,4
18:18:26;23,5;38,4
18:18:27;20,4;38,1
18:18:28;23,1;38,0
18:18:29;22,9;38,4
18:18:30;23,6;40,6
18:18:31;23,3;40,1
18:18:32;24,4;43,4
18:18:33;21,8;37,7
18:18:34;23,2;43,8
18:18:35;22,8;36,7
18:18:36;23,5;41,8
18:18:37;23,0;41,5
18:18:38;21,9;36,6
18:18:39;21,3;39,0
18:18:40;21,4;40,6
18:18:41;22,1;39,4
18:18:42;24,8;42,1
18:18:43;22,7;40,2
18:18:44;23,4;35,6
18:18:45;23,2;39,8
18:18:46;21,9;38,2
18:18:47;22,5;37,1
18:18:48;22,1;37,7
18:18:49;24,1;38,3
18:18:50;20,9;39,4
18:18:51;24,7;37,8
18:18:52;22,7;44,9
18:18:53;20,3;44,9
18:18:54;23,8;36,4
18:18:55;24,3;38,7
18:18:56;20,5;41,9
18:18:57;24,0;35,1
18:18:58;22,8;41,4
18:18:59;22,3;35,0
18:19:00;21,7;39,8
18:19:01;20,4;41,2
18:19:02;21,8;42,5
18:19:03;21,2;43,4
18:19:04;22,2;43,9
18:19:05;21,4;43,6
18:19:06;23,2;42,7
18:19:07;20,3;38,7
18:19:08;21,4;43,5
18:19:09;23,2;35,3
18:19:10;23,0;43,4
18:19:11;23,1;39,8
18:19:12;23,3;35,9
18:19:13;21,0;39,0
18:19:14;24,8;36,6
18:19:15;23,4;41,8
18:19:16;21,2;37,5
18:19:17;24,0;35,4
18:19:18;23,9;35,0
18:19:19;21,6;43,7
18:19:20;21,2;43,9
18:19:21;23,9;39,5
18:19:22;22,1;36,2
18:19:23;21,0;44,1
18:19:24;24,2;44,7
18:19:25;25,0;35,3
18:19:26;21,4;38,2
18:19:27;21,0;38,0
18:19:28;24,0;37,7
18:19:29;23,3;35,5
18:19:30;22,8;35,0
18:19:31;23,8;36,0
18:19:32;21,3;36,3
18:19:33;23,9;37,7
18:19:34;23,7;40,0
18:19:35;23,0;42,7
18:19:36;23,2;43,6
18:19:37;24,4;39,4
18:19:38;24,5;39,5
18:19:39;22,0;37,3
18:19:40;20,4;42,9
18:19:41;23,1;42,3
18:19:42;21,0;44,5
18:19:43;21,1;43,2
18:19:44;22,1;40,0
18:19:45;24,2;43,8
18:19:46;20,4;42,2
18:19:47;20,8;40,4
18:19:48;24,6;36,6
18:19:49;20,3;44,1
18:19:50;20,9;36,3
18:19:51;22,8;40,3
18:19:52;20,8;43,1
18:19:53;22,6;42,2
18:19:54;23,3;43,9
18:19:55;20,0;44,2
18:19:56;23,0;44,2
18:19:57;23,9;44,2
18:19:58;24,0;43,8
18:19:59;23,9;41,9
18:20:00;24,2;36,6
18:20:01;21,3;36,3
18:20:02;21,1;40,4
18:20:03;22,0;40,8
18:20:04;22,7;42,7
18:20:05;21,1;35,9
18:20:06;20,1;41,8
18:20:07;21,8;37,7
18:20:08;24,5;37,0
18:20:09;23,1;43,4
18:20:10;20,8;44,3
18:20:11;24,4;43,6
18:20:12;20,8;42,6
18:20:13;21,5;41,6
18:20:14;24,2;42,4
18:20:15;25,0;39,6
18:20:16;24,1;40,6
18:20:17;23,6;38,2
18:20:18;23,0;42,4
18:20:19;24,7;39,9
18:20:20;23,3;43,3
18:20:21;21,3;41,6
18:20:22;21,9;41,0
18:20:23;20,1;43,3
18:20:24;25,0;36,7
18:20:25;24,9;35,6
18:20:26;22,8;41,2
18:20:27;20,3;41,9
18:20:28;22,5;39,0
18:20:29;20,2;38,7
18:20:30;21,5;39,6
18:20:31;24,0;39,7
18:20:32;24,9;39,3
18:20:33;22,0;35,8
18:20:34;23,8;37,9
18:20:35;22,6;44,2
18:20:36;20,6;43,4
18:20:37;22,1;44,7
18:20:38;21,4;42,1
18:20:39;23,9;43,9
18:20:40;23,0;42,5
18:20:41;22,7;35,4
18:20:42;20,1;38,6
18:20:43;21,7;38,0
18:20:44;24,6;39,6
18:20:45;20,9;38,7
18:20:46;21,6;38,6
18:20:47;23,6;42,7
18:20:48;23,4;38,0
18:20:49;24,3;45,0
18:20:50;21,0;40,0
18:20:51;22,8;36,6
18:20:52;20,0;37,2
18:20:53;23,1;37,0
18:20:54;20,4;43,3
18:20:55;22,5;40,5
18:20:56;21,9;35,6
18:20:57;22,0;38,5
18:20:58;20,8;40,7
18:20:59;21,9;42,5
18:21:00;21,7;38,7
18:21:01;21,3;40,6
18:21:02;22,3;43,8
18:21:03;22,8;42,4
18:21:04;21,7;38,1
18:21:05;23,5;42,6
18:21:06;20,7;40,5
18:21:07;20,2;36,4
18:21:08;22,6;39,0
18:21:09;24,1;44,9
18:21:10;24,8;44,2
18:21:11;21,6;35,5
18:21:12;20,9;36,0
18:21:13;23,8;40,8
18:21:14;20,4;36,9
18:21:15;24,0;40,7
18:21:16;23,0;41,7
18:21:17;22,9;35,6
18:21:18;23,1;39,1
18:21:19;25,0;40,6
18:21:20;23,6;36,1
18:21:21;20,4;42,8
18:21:22;24,0;41,3
18:21:23;20,7;43,4
18:21:24;21,6;38,9
18:21:25;23,8;38,1
18:21:26;24,1;38,6
18:21:27;23,0;43,3
18:21:28;23,1;37,1
18:21:29;24,5;39,7
18:21:30;20,2;37,4
18:21:31;23,5;36,2
18:21:32;21,3;42,3
18:21:33;23,7;37,7
18:21:34;20,9;39,4
18:21:35;22,4;42,9
18:21:36;22,5;39,0
18:21:37;23,7;42,1
18:21:38;22,6;42,0
18:21:39;24,3;37,5
18:21:40;20,2;44,9
18:21:41;20,6;36,4
18:21:42;23,2;39,5
18:21:43;22,9;36,4
18:21:44;22,6;42,9
18:21:45;20,5;36,2
18:21:46;20,0;42,3
18:21:47;20,6;43,2
18:21:48;21,6;40,1
18:21:49;20,4;42,4
18:21:50;20,5;43,9
18:21:51;20,9;40,0
18:21:52;22,9;35,7
18:21:53;25,0;40,8
18:21:54;21,2;38,7
18:21:55;23,6;43,6
18:21:56;20,5;44,6
18:21:57;22,9;35,3
18:21:58;23,7;37,4
18:21:59;20,5;43,9
18:22:00;22,2;40,3
18:22:01;24,9;40,6
18:22:02;24,6;42,2
18:22:03;22,2;40,1
18:22:04;24,3;39,5
18:22:05;20,1;41,1
18:22:06;20,5;39,9
18:22:07;20,8;41,1
18:22:08;23,7;37,6
18:22:09;22,4;44,7
18:22:10;21,3;36,3
18:22:11;20,8;38,8
18:22:12;24,7;39,3
18:22:13;20,5;36,3
18:22:14;21,3;36,3
18:22:15;23,3;39,2
18:22:16;23,1;41,8
18:22:18;22,4;42,6
18:22:19;24,2;44,8
18:22:20;24,7;38,6
18:22:21;21,3;38,8
18:22:22;22,4;41,3
18:22:23;22,3;39,5
18:22:24;23,4;41,9
18:22:25;21,4;40,3
18:22:26;20,5;38,0
18:22:27;20,7;38,5
18:22:28;22,3;39,1
18:22:29;20,6;43,2
18:22:30;21,2;43,5
18:22:31;21,2;39,1
18:22:32;21,9;40,9
18:22:33;22,0;35,3
18:22:34;23,9;38,8
18:22:35;24,1;38,6
18:22:36;23,4;40,0
18:22:37;23,9;38,5
18:22:38;23,3;38,1
18:22:39;24,2;40,4
18:22:40;23,2;39,7
18:22:41;21,8;42,8
18:22:42;21,6;42,7
18:22:43;22,5;40,3
18:22:44;22,4;40,9
18:22:45;21,1;36,8
18:22:46;20,2;35,5
18:22:47;22,4;40,5
18:22:48;20,8;35,4
18:22:49;23,1;39,5
18:22:50;24,7;43,5
18:22:51;23,0;40,8
18:22:52;25,0;44,7
18:22:53;21,1;38,0
18:22:54;20,6;41,3
18:22:55;21,5;38,0
18:22:56;24,1;35,3
18:22:57;22,5;42,3
18:22:58;21,0;37,0
18:22:59;21,4;37,8
18:23:00;20,3;35,4
18:23:01;24,6;35,9
18:23:02;23,1;44,0
18:23:03;21,9;43,3
18:23:04;20,6;39,0
18:23:05;23,0;39,5
18:23:06;22,6;43,4
18:23:07;23,7;35,8
18:23:08;22,0;44,7
18:23:09;23,1;42,8
18:23:10;22,6;37,8
18:23:11;24,9;44,8
18:23:12;22,7;39,7
18:23:13;22,5;35,5
18:23:14;20,3;37,2
18:23:15;20,2;38,9
18:23:16;21,1;35,7
18:23:17;21,4;35,6
18:23:18;23,7;36,6
18:23:19;20,7;37,3
18:23:20;21,0;43,5
18:23:21;24,5;36,0
18:23:22;23,8;40,4
18:23:23;24,8;38,1
18:23:24;21,7;35,4
18:23:25;21,2;40,8
18:23:26;24,1;35,0
18:23:27;24,6;43,8
18:23:28;23,9;35,3
18:23:29;22,4;41,5
18:23:30;20,7;40,2
18:23:31;24,2;39,7
18:23:32;23,9;41,9
18:23:33;24,0;36,5
18:23:34;24,4;44,0
18:23:35;22,0;41,1
18:23:36;20,0;41,3
18:23:37;23,8;39,1
18:23:38;21,6;35,3
18:23:39;20,4;37,1
18:23:40;20,2;44,9
18:23:41;23,7;37,7
18:23:42;23,8;38,9
18:23:43;24,4;42,4
18:23:44;22,8;44,8
18:23:45;22,5;40,3
18:23:46;24,0;42,0
18:23:47;21,6;42,6
18:23:48;23,7;39,6
18:23:49;22,7;44,4
18:23:50;22,4;40,3
18:23:51;21,6;42,6
18:23:52;20,5;40,8
18:23:53;23,1;37,4
18:23:54;20,9;37,1
18:23:55;23,5;40,9
18:23:56;24,8;44,8
18:23:57;20,9;36,9
18:23:58;20,0;44,2
18:23:59;24,7;38,9
18:24:00;24,2;42,7
18:24:01;20,3;37,6
18:24:02;21,1;39,2
18:24:03;24,1;44,0
18:24:04;23,3;36,8
18:24:05;22,8;42,8
18:24:06;20,8;38,3
18:24:07;23,1;37,9
18:24:08;20,5;42,7
18:24:09;20,8;35,5
18:24:10;23,3;39,9
18:24:11;21,6;39,2
18:24:12;22,7;35,3
18:24:13;24,1;42,9
18:24:14;21,6;36,4
18:24:15;23,9;44,2
18:24:16;20,8;37,3
18:24:17;21,9;42,0
18:24:18;20,8;44,8
18:24:19;21,9;36,1
18:24:20;22,5;38,5
18:24:21;22,1;38,3
18:24:22;23,1;36,6
18:24:23;20,4;39,5
18:24:24;20,7;39,6
18:24:25;21,2;39,2
18:24:26;24,3;40,3
18:24:27;22,7;41,7
18:24:28;24,7;38,8
18:24:29;23,8;39,9
18:24:30;20,3;36,2
18:24:31;23,0;39,5
18:24:32;21,1;36,1
18:24:33;22,0;37,0
18:24:34;20,5;35,2
18:24:35;21,9;38,9
18:24:36;21,3;41,2
18:24:37;22,6;39,4
18:24:38;20,8;44,6
18:24:39;23,6;36,8
18:24:40;20,2;44,5
18:24:41;23,3;35,6
18:24:42;23,0;35,5
18:24:43;21,3;39,5
18:24:44;21,6;37,1
18:24:45;20,7;39,5
18:24:46;23,5;36,8
18:24:47;22,6;36,7
18:24:48;22,3;35,1
18:24:49;20,2;37,1
18:24:50;22,8;40,4
18:24:51;24,4;40,3
18:24:52;23,8;43,9
18:24:53;21,3;44,3
18:24:54;22,2;43,8
18:24:55;23,8;39,7
18:24:56;21,3;39,3
18:24:57;21,0;35,7
18:24:58;20,5;36,7
18:24:59;20,2;40,9
18:25:00;21,5;35,1
18:25:01;22,0;37,7
18:25:02;24,5;43,1
18:25:03;23,1;41,3
18:25:04;23,6;39,9
18:25:05;24,2;44,2
18:25:06;22,8;42,0
18:25:07;23,3;41,7
18:25:08;21,2;42,2
18:25:09;24,7;44,8
18:25:10;24,2;43,9
18:25:11;24,9;40,4
18:25:12;24,1;40,4
18:25:13;20,4;40,2
18:25:14;21,8;36,9
18:25:15;23,0;38,6
18:25:16;21,1;38,3
18:25:17;23,2;41,6
18:25:18;21,0;42,7
18:25:19;23,9;38,4
18:25:20;24,9;36,9
18:25:21;20,1;39,9
18:25:22;22,1;37,4
18:25:23;25,0;39,3
18:25:24;21,5;36,1
18:25:25;20,1;39,2
18:25:26;22,4;44,1
18:25:27;22,2;44,0
18:25:28;21,6;40,4
18:25:29;21,7;44,4
18:25:30;24,1;41,6
18:25:31;20,4;39,0
18:25:32;23,1;42,7
18:25:33;20,4;40,4
18:25:34;24,6;38,9
18:25:35;22,1;44,7
18:25:36;24,4;38,3
18:25:37;24,7;39,9
18:25:38;23,2;38,5
18:25:39;20,1;41,3
18:25:40;23,3;39,5
18:25:41;23,3;36,4
18:25:42;22,7;43,5
18:25:43;24,9;41,1
18:25:44;21,0;43,1
18:25:45;22,5;44,3
18:25:46;22,2;41,5
18:25:47;22,3;35,1
18:25:48;21,1;40,9
18:25:49;20,1;37,4
18:25:50;23,6;36,5
18:25:51;21,5;41,8
18:25:52;21,7;44,2
18:25:53;21,9;43,3
18:25:54;20,9;42,6
18:25:55;20,2;36,9
18:25:56;24,8;41,8
18:25:57;20,3;37,8
18:25:58;20,2;35,9
18:25:59;23,4;43,7
18:26:00;22,9;42,0
18:26:01;21,7;44,8
18:26:02;20,1;35,0
18:26:03;20,1;41,6
18:26:04;23,7;37,8
18:26:05;24,6;41,8
18:26:06;25,0;41,9
18:26:08;20,5;37,5
18:26:09;21,0;42,4
18:26:10;22,9;44,5
18:26:11;21,7;42,1
18:26:12;22,4;39,5
18:26:13;20,5;35,7
18:26:14;24,5;39,5
18:26:15;23,1;41,1
18:26:16;22,2;40,6
18:26:17;21,0;35,9
18:26:18;22,2;38,6
18:26:19;22,3;38,0
18:26:20;21,7;40,7
18:26:21;21,1;41,7
18:26:22;22,2;41,4
18:26:23;21,1;44,3
18:26:24;21,8;37,4
18:26:25;22,5;35,4
18:26:26;21,7;36,5
18:26:27;23,5;36,8
18:26:28;24,7;42,0
18:26:29;23,3;39,1
18:26:30;22,3;36,8
18:26:31;24,9;36,4
18:26:32;21,7;44,4
18:26:33;24,6;39,2
18:26:34;24,1;36,6
18:26:35;23,8;41,7
18:26:36;24,3;37,2
18:26:37;23,1;44,8
18:26:38;24,7;39,6
18:26:39;20,8;38,8
18:26:40;22,9;37,2
18:26:41;22,3;43,1
18:26:42;24,0;42,5
18:26:43;23,7;39,1
18:26:44;21,3;37,9
18:26:45;20,4;40,1
18:26:46;21,6;41,1
18:26:47;21,8;35,7
18:26:48;20,9;35,5
18:26:49;21,8;43,4
18:26:50;21,6;36,5
18:26:51;22,5;38,0
18:26:52;22,0;36,8
18:26:53;20,8;37,3
18:26:54;21,5;40,5
18:26:55;20,6;41,2
18:26:56;21,7;36,7
18:26:57;23,9;45,0
18:26:58;21,4;40,6
18:26:59;24,8;41,9
18:27:00;20,7;43,6
18:27:01;20,7;43,0
18:27:02;22,5;36,4
18:27:03;25,0;43,5
18:27:04;21,4;42,2
18:27:05;24,5;35,5
18:27:06;20,7;36,3
18:27:07;24,8;35,8
18:27:08;22,9;44,1
18:27:09;24,4;36,8
18:27:10;24,0;40,5
18:27:11;22,1;36,4
18:27:12;21,0;43,9
18:27:13;22,5;37,1
18:27:14;24,6;40,5
18:27:15;21,1;40,8
18:27:16;20,0;35,1
18:27:17;20,8;41,2
18:27:18;21,3;36,7
18:27:19;20,9;44,7
18:27:20;21,6;38,0
18:27:21;21,3;38,3
18:27:22;22,5;43,6
18:27:23;24,0;40,6
18:27:24;23,0;41,3
18:27:25;22,5;42,0
18:27:26;21,9;40,9
18:27:27;23,2;41,2
18:27:28;22,4;42,7
18:27:29;24,3;44,9
18:27:30;23,8;36,8
18:27:31;23,0;42,4
18:27:32;21,1;35,1
18:27:33;22,1;35,8
18:27:34;23,9;42,1
18:27:35;22,7;38,8
18:27:36;20,1;36,3
18:27:37;24,0;35,7
18:27:38;24,0;40,9
18:27:39;23,0;39,0
18:27:40;21,4;35,6
18:27:41;22,3;38,2
18:27:42;22,0;42,7
18:27:43;24,2;40,6
18:27:44;21,0;39,7
18:27:45;24,6;37,2
18:27:46;24,3;41,3
18:27:47;23,1;40,3
18:27:48;22,2;40,0
18:27:49;20,8;42,2
18:27:50;22,2;43,7
18:27:51;21,7;35,4
18:27:52;24,3;44,5
18:27:53;24,5;35,2
18:27:54;24,7;42,9
18:27:55;24,9;36,4
18:27:56;20,2;41,2
18:27:57;23,0;35,0
18:27:58;22,9;35,8
18:27:59;24,3;36,0
18:28:00;24,4;40,2
18:28:01;24,3;44,9
18:28:02;23,4;42,6
18:28:03;23,1;44,4
18:28:04;22,7;41,2
18:28:05;23,7;44,5
18:28:06;23,5;36,8
18:28:07;21,4;37,5
18:28:08;20,3;37,3
18:28:09;24,1;41,2
18:28:10;22,3;44,1
18:28:11;24,6;39,3
18:28:12;23,7;36,5
18:28:13;22,5;37,3
18:28:14;21,0;37,1
18:28:15;23,8;44,4
18:28:16;24,3;44,0
18:28:17;20,4;41,9
18:28:18;22,6;39,3
18:28:19;22,6;35,8
18:28:20;20,9;35,4
18:28:21;24,5;43,1
18:28:22;24,4;36,2
18:28:23;20,5;43,5
18:28:24;22,2;41,9
18:28:25;24,7;37,5
18:28:26;21,8;38,3
18:28:27;20,3;43,8
18:28:28;20,3;38,0
18:28:29;21,6;38,6
18:28:30;20,7;40,3
18:28:31;21,8;43,4
18:28:32;20,1;37,5
18:28:33;20,4;35,7
18:28:34;21,8;44,7
18:28:35;21,5;42,9
18:28:36;23,5;43,2
18:28:37;20,3;40,3
18:28:38;22,8;45,0
18:28:39;23,6;35,1
18:28:40;23,9;41,3
18:28:41;24,3;35,4
18:28:42;20,9;43,0
18:28:43;20,2;43,9
18:28:44;20,9;44,6
18:28:45;21,8;44,9
18:28:46;20,1;43,2
18:28:47;21,5;41,4
18:28:48;21,7;41,5
18:28:49;21,6;38,4
18:28:50;20,4;43,5
18:28:51;22,5;40,3
18:28:52;23,7;40,7
18:28:53;23,5;44,4
18:28:54;24,1;39,4
18:28:55;24,7;37,4
18:28:56;22,3;40,7
18:28:57;23,4;35,4
18:28:58;20,0;36,8
18:28:59;24,4;37,1
18:29:00;21,9;38,5
18:29:01;20,8;37,6
18:29:02;21,1;41,7
18:29:03;23,9;37,8
18:29:04;20,3;37,5
18:29:05;23,1;36,4
18:29:06;20,5;43,3
18:29:07;24,5;42,3
18:29:08;22,5;38,3
18:29:09;20,9;42,2
18:29:10;23,6;37,8
18:29:11;24,6;39,6
18:29:12;22,7;40,6
18:29:13;20,9;38,5
18:29:14;20,9;44,7
18:29:15;21,3;39,9
18:29:16;20,5;40,6
18:29:17;24,0;40,0
18:29:18;21,6;38,5
18:29:19;23,7;38,1
18:29:20;22,6;37,4
18:29:21;21,1;35,0
18:29:22;23,8;44,5
18:29:23;23,5;42,3
18:29:24;21,5;36,8
18:29:25;23,4;36,0
18:29:26;24,9;37,8
18:29:27;22,3;39,5
18:29:28;24,5;35,5
18:29:29;20,8;36,3
18:29:30;20,8;43,4
18:29:31;23,1;44,2
18:29:32;20,7;35,2
18:29:33;23,2;37,6
18:29:34;22,6;39,2
18:29:35;24,0;38,7
18:29:36;24,5;42,1
18:29:37;21,7;42,1
18:29:38;22,3;40,2
18:29:39;23,8;40,2
18:29:40;22,7;44,3
18:29:41;21,0;43,9
18:29:42;20,6;41,1
18:29:43;21,3;40,1
18:29:44;24,2;41,4
18:29:45;20,3;38,4
18:29:46;22,7;38,5
18:29:47;21,5;44,0
18:29:48;21,8;38,7
18:29:49;20,6;39,2
18:29:50;21,1;42,7
18:29:51;22,3;44,5
18:29:52;22,0;42,0
18:29:53;23,2;41,2
18:29:54;22,9;43,2
18:29:55;20,8;39,2
18:29:56;24,4;44,2
18:29:57;21,1;39,0
18:29:58;22,5;38,7
18:29:59;22,8;36,0
18:30:00;24,0;35,9
18:30:01;23,8;39,0
18:30:02;22,9;41,4
18:30:03;20,9;38,2
18:30:04;21,7;35,7
18:30:05;21,9;37,2
18:30:06;23,8;38,9
18:30:07;23,7;38,0
18:30:08;21,5;35,5
18:30:09;23,7;43,7
18:30:10;21,3;41,9
18:30:11;24,2;40,0
18:30:12;22,2;44,7
18:30:13;21,3;44,6
18:30:14;23,1;43,8
18:30:15;22,8;35,2
18:30:16;23,3;35,8
18:30:17;23,7;41,9
18:30:18;22,7;38,0
18:30:19;20,8;41,6
18:30:20;21,8;37,5
18:30:21;23,8;42,9
18:30:22;22,0;35,7
18:30:23;20,6;40,4
18:30:24;20,2;37,2
18:30:25;21,4;42,1
18:30:26;22,0;41,7
18:30:27;20,3;44,9
18:30:28;22,0;38,4
18:30:29;24,4;43,9
18:30:30;20,4;35,3
18:30:32;24,5;38,6
18:30:33;24,1;35,7
18:30:34;24,4;41,9
18:30:35;23,5;36,0
18:30:36;24,4;35,8
18:30:37;24,9;36,5
18:30:38;23,5;42,3
18:30:39;23,7;44,5
18:30:40;24,8;43,7
18:30:41;20,3;35,9
18:30:42;24,5;39,8
18:30:43;20,1;41,8
18:30:44;22,3;44,4
18:30:45;24,9;44,9
18:30:46;22,8;43,6
18:30:47;23,6;44,6
18:30:48;23,4;35,8
18:30:49;20,7;40,8
18:30:50;24,5;43,1
18:30:51;24,0;38,1
18:30:52;22,5;40,1
18:30:53;20,6;35,6
18:30:54;20,6;36,1
18:30:55;20,1;38,4
18:30:56;22,7;38,3
18:30:57;22,9;35,4
18:30:58;23,0;38,8
18:30:59;22,9;40,0
18:31:00;21,0;41,5
18:31:01;24,0;42,1
18:31:02;21,2;36,0
18:31:03;20,2;44,2
18:31:04;20,9;45,0
18:31:05;20,3;43,9
18:31:06;20,9;38,4
18:31:07;21,8;42,2
18:31:08;21,1;42,1
18:31:09;22,5;36,7
18:31:10;21,7;37,4
18:31:11;24,3;42,5
18:31:12;23,3;44,7
18:31:13;21,8;39,0
18:31:14;21,1;41,1
18:31:15;20,5;41,4
18:31:16;23,1;42,5
18:31:17;21,6;40,5
18:31:18;22,0;41,2
18:31:19;23,9;43,5
18:31:20;23,5;44,8
18:31:21;22,6;41,3
18:31:22;23,1;44,8
18:31:23;23,5;37,9
18:31:24;23,5;42,7
18:31:25;24,4;36,7
18:31:26;21,3;40,5
18:31:27;22,2;38,3
18:31:28;20,5;35,5
18:31:29;24,1;40,8
18:31:30;23,4;44,1
18:31:31;20,6;39,4
18:31:32;22,3;39,3
18:31:33;20,5;40,6
18:31:34;22,9;41,9
18:31:35;23,2;40,3
18:31:36;22,9;35,7
18:31:37;24,5;35,6
18:31:38;20,3;44,6
18:31:39;21,0;40,3
18:31:40;20,2;43,7
18:31:41;23,3;37,4
18:31:42;20,5;40,3
18:31:43;23,5;44,6
18:31:44;20,2;44,8
18:31:45;21,5;41,8
18:31:46;23,5;44,2
18:31:47;21,2;35,1
18:31:48;21,3;40,6
18:31:49;23,0;41,0
18:31:50;22,1;38,1
18:31:51;20,7;37,0
18:31:52;22,9;41,5
18:31:53;24,9;44,4
18:31:54;22,3;37,6
18:31:55;22,3;36,3
18:31:56;21,7;37,6
18:31:57;24,2;38,0
18:31:58;21,5;39,8
18:31:59;23,0;42,2
18:32:00;24,9;43,3
18:32:01;23,4;36,4
18:32:02;23,6;39,7
18:32:03;24,3;41,7
18:32:04;24,0;39,2
18:32:05;23,4;42,4
18:32:06;25,0;38,0
18:32:07;20,7;44,6
18:32:08;23,4;38,2
18:32:09;23,7;35,4
18:32:10;22,8;36,3
18:32:11;21,8;35,4
18:32:12;21,3;35,1
18:32:13;23,2;43,5
18:32:14;21,2;42,9
18:32:15;21,8;44,1
18:32:16;23,6;37,7
18:32:17;21,1;40,7
18:32:18;23,2;41,7
18:32:19;23,8;38,8
18:32:20;22,5;37,7
18:32:21;21,7;38,6
18:32:22;23,7;38,5
18:32:23;20,7;39,1
18:32:24;20,5;42,8
18:32:25;20,7;35,1
18:32:26;21,0;38,1
18:32:27;24,6;39,8
18:32:28;23,3;36,1
18:32:29;22,7;40,1
18:32:30;24,2;37,1
18:32:31;24,0;37,1
18:32:32;23,7;37,8
18:32:33;23,3;39,1
18:32:34;23,9;38,1
18:32:35;22,2;42,8
18:32:36;24,6;40,8
18:32:37;24,5;37,6
18:32:38;23,2;39,5
18:32:39;21,9;37,7
18:32:40;20,8;36,0
18:32:41;22,4;37,4
18:32:42;22,1;39,4
18:32:43;23,3;43,2
18:32:44;23,4;42,1
18:32:45;22,8;42,9
18:32:46;22,0;44,5
18:32:47;23,5;36,8
18:32:48;20,8;42,9
18:32:49;20,9;44,6
18:32:50;22,9;41,2
18:32:51;23,1;39,9
18:32:52;21,1;43,0
18:32:53;21,0;44,2
18:32:54;20,1;35,9
18:32:55;24,6;35,9
18:32:56;21,6;43,3
18:32:57;21,2;36,9
18:32:58;20,4;42,6
18:32:59;22,5;44,9
18:33:00;24,5;41,7
18:33:01;20,5;37,2
18:33:02;24,4;40,5
18:33:03;20,4;38,6
18:33:04;22,4;36,3
18:33:05;21,8;42,5
18:33:06;22,7;41,6
18:33:07;22,0;43,2
18:33:08;21,4;41,1
18:33:09;22,1;39,8
18:33:10;21,7;41,2
18:33:11;22,5;42,3
18:33:12;23,6;43,1
18:33:13;24,5;43,2
18:33:14;22,1;39,9
18:33:15;22,0;35,2
18:33:16;21,1;35,5
18:33:17;24,1;40,9
18:33:18;20,1;39,2
18:33:19;24,0;39,2
18:33:20;24,9;43,4
18:33:21;24,4;41,0
18:33:22;24,8;39,6
18:33:23;21,1;35,2
18:33:24;22,7;41,7
18:33:25;20,2;40,2
18:33:26;21,7;35,7
18:33:27;24,6;36,6
18:33:28;20,6;40,0
18:33:29;25,0;40,1
18:33:30;23,6;44,6
18:33:31;23,3;37,4
18:33:32;24,6;38,3
18:33:33;21,6;43,7
18:33:34;20,4;40,7
18:33:35;20,6;37,7
18:33:36;22,8;40,2
18:33:37;24,7;39,8
18:33:38;23,7;35,6
18:33:39;20,9;41,0
18:33:40;20,4;36,5
18:33:41;21,6;36,1
18:33:42;22,9;37,2
18:33:43;23,1;43,9
18:33:44;22,5;38,9
18:33:45;24,0;37,4
18:33:46;21,1;44,6
18:33:47;20,9;38,8
18:33:48;21,9;43,3
18:33:49;23,7;37,4
18:33:50;22,7;41,9
18:33:51;23,0;41,0
18:33:52;24,0;37,3
18:33:53;20,1;36,9
18:33:54;21,8;35,8
18:33:55;23,3;44,2
18:33:56;25,0;41,9
18:33:57;22,1;44,3
18:33:58;20,5;38,8
18:33:59;24,6;37,3
18:34:00;22,1;41,1
18:34:01;24,5;42,9
18:34:02;23,8;40,9
18:34:03;23,8;37,8
18:34:04;23,5;36,1
18:34:05;23,2;38,5
18:34:06;22,8;37,7
18:34:07;22,6;36,3
18:34:08;20,4;43,0
18:34:09;24,3;35,3
18:34:10;23,1;38,1
18:34:11;24,9;35,2
18:34:12;21,4;36,0
18:34:13;20,8;42,1
18:34:14;22,0;43,7
18:34:15;21,1;35,2
18:34:16;21,5;41,0
18:34:17;21,6;38,1
18:34:18;21,5;38,7
18:34:19;22,1;42,9
18:34:20;20,3;36,5
18:34:21;20,2;44,2
18:34:22;20,8;37,3
18:35:37;20,7;42,9
18:35:38;22,3;35,5
18:35:39;22,0;37,4
18:35:40;23,0;41,6
18:35:41;20,5;40,3
18:35:42;23,1;37,1
18:35:43;22,7;41,4
18:35:44;21,7;36,5
18:35:45;22,3;36,7
18:35:46;20,7;43,0
18:35:47;22,3;39,4
18:35:48;21,3;37,7
18:35:49;21,7;36,1
18:35:50;20,6;40,9
18:35:51;23,5;36,5
18:35:52;23,8;44,0
18:35:53;21,1;37,6
18:35:54;25,0;40,0
18:35:55;21,8;41,3
18:35:56;21,9;41,0
18:35:57;22,0;44,1
18:35:58;22,9;38,1
18:35:59;20,0;44,0
18:36:00;22,3;39,8
18:36:01;23,8;35,2
18:36:02;21,4;40,4
18:36:03;20,3;38,0
18:36:04;23,2;39,8
18:46:50;20,8;37,0
18:46:51;23,0;42,9
18:46:52;20,2;42,9
18:46:53;24,5;37,8
18:46:54;21,1;38,4
18:46:55;22,7;35,7
18:46:56;23,5;38,0
18:46:57;24,0;44,4
18:46:58;22,5;35,6
18:46:59;21,8;42,4
18:47:00;20,0;42,4
18:47:01;20,7;44,2
18:47:02;20,5;35,0
18:47:03;23,2;39,8
18:47:04;23,1;43,8
18:47:05;22,3;45,0
18:47:06;21,9;40,0
18:47:07;23,4;43,8
18:47:08;21,0;42,4
18:47:09;23,1;43,4
18:47:10;20,1;39,0
18:47:11;23,8;41,0
18:49:45;23,1;39,4
18:49:46;20,1;43,7
18:49:47;23,7;43,7
18:49:48;21,9;35,7
18:49:49;20,8;40,0
18:49:50;23,5;37,8
18:49:51;20,5;40,9
18:49:52;24,7;39,5
18:49:53;21,3;38,8
18:49:54;24,5;41,1
19:00:38;21,5;36,2
19:00:39;21,9;38,3
19:00:40;24,0;38,3
19:00:41;24,4;45,0
19:00:42;20,6;39,4
19:00:43;23,2;41,6
19:00:44;21,7;42,1
19:00:45;22,8;43,8
19:00:46;22,9;40,5
19:00:47;20,4;44,5
19:00:48;21,9;44,7
19:00:49;22,1;43,9
19:00:50;22,5;37,5
19:00:51;21,3;44,6
19:00:52;20,2;40,2
19:00:53;23,6;42,7
19:00:54;24,3;41,4
19:00:55;20,6;41,6
19:00:56;21,0;41,0
19:00:57;23,3;35,8
19:00:58;23,7;38,2
19:06:26;24,9;43,4
19:06:27;21,5;42,7
19:06:28;23,8;43,2
19:06:29;21,7;40,0
19:06:30;24,9;36,4
19:06:31;24,4;44,7
19:06:32;23,3;40,1
19:06:33;22,3;40,5
19:06:34;23,1;37,7
19:06:35;22,4;42,5
19:06:36;21,7;40,3
19:06:37;24,4;40,2
19:06:38;21,9;40,7
19:06:39;21,7;42,3
19:06:40;21,7;35,1
19:06:41;23,4;35,6
19:06:42;24,6;39,7
19:33:39;21,3;40,3
19:33:40;21,1;36,3
19:33:41;24,9;44,6
19:33:42;25,0;40,1
19:33:43;21,9;43,7
19:33:44;23,3;36,2
19:33:45;20,5;36,3
19:33:46;22,2;35,7
19:33:47;22,0;39,9
19:33:48;25,0;42,3
19:33:49;21,5;40,3
19:33:50;22,0;40,5
19:33:51;21,8;43,5
19:33:52;23,6;39,1
19:33:53;20,3;43,4
19:33:54;21,9;40,6
19:33:55;23,6;41,3
19:33:56;24,6;38,5
19:33:57;24,6;38,7
19:33:58;23,9;38,1
19:33:59;24,1;41,3
19:34:00;23,1;38,3
19:34:01;21,5;43,5
19:34:02;20,3;35,8
19:34:03;23,1;35,8
19:34:04;24,5;43,9
19:34:05;23,3;42,2
19:34:06;23,4;38,1
19:34:07;24,9;41,5
19:34:08;21,8;38,6
19:34:09;25,0;38,3
19:34:10;21,3;36,6
19:34:11;20,2;44,1
19:34:12;20,8;36,2
19:34:13;24,3;41,6
19:34:14;24,6;39,6
19:34:15;24,4;36,4
19:34:16;20,2;36,7
19:34:17;23,4;44,1
19:34:18;20,1;37,4
19:34:20;23,2;40,6
19:34:21;24,1;36,5
19:34:22;24,8;37,1
19:34:23;21,1;35,5
19:34:24;21,6;44,1
19:34:25;21,2;37,0
19:34:26;21,2;40,1
19:34:27;22,5;40,4
19:34:28;23,7;40,7
19:34:29;23,3;38,7
19:34:30;23,5;37,6
19:34:31;23,1;39,2
19:34:32;21,4;38,3
19:34:33;22,0;43,7
19:34:34;20,3;36,2
19:34:35;23,2;36,2
19:34:36;23,5;44,2
19:34:37;24,6;37,9
19:34:38;25,0;35,5
19:34:39;24,6;40,3
19:34:40;21,0;44,8
19:34:41;23,9;37,7
19:34:42;23,6;43,3
19:34:43;22,4;36,4
19:34:44;20,9;39,3
19:34:45;23,6;44,0
19:34:46;24,0;39,3
19:34:47;23,0;38,4
19:34:48;24,8;39,9
19:34:49;23,5;43,5
19:34:50;21,8;42,9
19:34:51;21,5;39,0
19:34:52;24,1;38,5
19:34:53;20,7;43,6
19:34:54;23,9;37,3
19:34:55;22,3;36,6
19:34:56;20,0;43,6
19:34:57;22,1;43,2
19:34:58;23,3;39,8
19:34:59;22,5;42,0
19:35:00;23,4;38,6
19:35:01;24,8;39,0
19:35:02;24,2;42,5
19:35:03;23,3;40,5
19:35:04;21,0;37,7
19:35:05;20,7;42,9
19:35:06;23,1;42,7
19:35:07;22,9;44,3
19:35:08;20,9;37,0
19:35:09;20,2;43,7
19:35:10;20,7;38,0
19:35:11;21,7;39,0
19:35:12;20,5;41,5
19:35:13;22,3;44,9
19:35:16;20,2;44,7
19:35:17;21,7;40,2
19:35:18;23,5;43,7
19:35:19;23,7;40,9
19:35:20;24,7;38,7
19:35:21;23,5;41,0
19:35:22;24,9;38,7
19:35:23;20,3;41,4
19:35:34;22,1;35,1
19:35:35;21,1;38,8
19:35:36;21,0;35,8
19:35:37;20,4;42,3
19:35:38;23,8;42,4
19:35:39;21,1;42,7
19:35:40;21,7;40,8
19:35:41;25,0;42,0
19:35:42;24,6;44,0
19:35:43;22,6;38,9
19:35:44;23,9;38,1
19:35:45;21,1;43,0
19:35:46;21,2;44,6
19:35:47;23,7;40,0
19:35:48;20,5;38,0
19:35:49;23,2;43,5
19:35:50;21,9;37,6
19:35:51;24,4;43,6
19:35:52;21,6;38,4
19:35:53;20,3;37,1
19:35:54;24,5;42,1
19:35:55;22,0;38,0
19:35:56;20,1;40,3
19:39:13;21,4;38,7
19:39:14;22,6;38,9
19:39:15;21,3;40,6
19:39:16;24,8;38,3
19:39:17;24,6;41,3
19:39:18;22,3;35,5
19:39:19;21,6;42,2
19:39:20;20,5;35,5
19:39:21;23,6;39,4
19:39:22;23,7;42,8
19:39:23;22,3;40,6
19:39:24;20,2;44,8
19:39:25;23,3;37,3
19:39:26;24,6;35,9
19:39:27;23,4;43,9
19:39:28;20,2;37,1
19:39:29;20,7;38,2
19:39:30;21,3;40,3
19:39:31;20,5;43,5
19:39:32;22,4;44,6
19:39:33;20,6;39,4
19:39:34;21,9;42,3
19:39:35;23,8;41,6
19:45:09;23,6;35,4
19:45:10;20,9;35,4
19:45:11;20,7;40,1
19:45:12;23,8;40,8
19:45:13;24,4;40,2
19:45:14;23,8;39,0
19:45:15;24,7;35,4
19:45:16;22,8;38,4
19:45:17;24,0;42,9
19:45:18;22,8;42,4
19:45:19;21,4;35,1
19:45:20;23,9;40,2
19:45:21;20,8;43,2
19:45:22;22,6;39,3
19:45:23;22,8;40,7
19:45:24;20,4;37,8
19:45:25;20,7;44,5
19:45:26;20,5;44,8
19:45:27;22,1;42,8
19:45:28;20,0;40,4
19:45:29;22,7;39,6
19:45:30;23,3;40,4
19:45:31;20,9;36,9
19:45:32;22,0;35,1
19:45:33;21,0;36,9
19:47:14;21,2;40,4
19:47:15;24,1;42,5
19:47:16;21,5;35,4
19:47:17;20,3;37,3
19:47:18;21,7;37,1
19:47:19;21,9;43,4
19:47:20;20,9;36,1
19:47:21;20,3;42,8
19:47:22;22,4;41,3
19:47:23;24,3;42,4
19:47:24;22,6;44,4
19:47:25;23,2;36,7
19:47:26;23,5;38,0
19:47:27;24,4;40,9
19:47:28;23,1;42,2
19:47:29;22,9;37,2
19:47:30;22,9;42,0
19:47:31;22,1;43,5
19:47:32;20,2;42,2
19:47:33;24,6;41,7
19:47:34;21,0;38,5
19:47:35;21,0;38,0
19:47:36;22,0;37,5
19:47:37;20,7;38,0
19:47:38;24,7;37,9
19:47:39;21,9;39,8
19:47:40;24,9;45,0
19:47:41;22,1;42,8
19:47:42;21,2;44,2
19:47:43;21,0;42,5
19:47:44;20,0;39,7
19:47:45;21,1;35,5
19:47:46;21,7;35,4
19:47:47;22,0;42,2
19:47:48;23,7;35,3
19:47:49;21,8;38,8
19:47:50;20,8;40,2
19:47:51;24,2;37,8
19:47:52;22,1;40,4
19:47:53;22,0;38,2
19:47:54;23,1;44,5
19:47:55;20,1;44,3
19:47:56;22,9;39,7
19:47:57;23,1;36,8
19:47:58;24,2;42,4
19:47:59;23,2;41,0
19:48:00;24,6;42,9
19:48:01;22,6;41,9
19:48:02;20,3;44,5
19:48:03;21,6;42,9
19:48:04;23,4;36,4
19:48:05;24,4;37,2
19:48:06;24,7;39,1
19:51:44;24,5;36,1
19:51:45;25,0;42,0
19:51:46;22,7;42,4
19:51:47;20,5;39,3
19:51:48;25,0;43,0
19:51:49;23,2;44,2
19:51:50;24,0;37,0
19:51:51;21,3;39,4
19:51:52;22,0;36,1
19:51:53;24,4;37,4
19:51:54;24,4;40,3
19:56:40;24,0;43,3
19:56:41;22,3;35,5
19:56:42;22,1;35,7
19:56:43;24,7;37,4
19:56:44;23,0;40,1
19:56:45;22,7;35,2
19:56:46;22,9;41,6
19:56:47;23,6;36,8
19:56:48;21,4;39,5
19:56:49;21,7;37,6
19:56:50;22,0;40,9
19:56:51;23,0;37,9
19:56:52;24,4;44,7
19:56:53;21,0;42,8
19:56:54;23,4;37,6
19:56:55;21,6;35,3
20:08:14;23,5;44,9
20:08:15;21,1;43,7
20:08:16;23,9;41,1
20:08:17;23,6;43,0
20:08:18;21,5;38,0
20:08:19;23,1;41,2
20:08:20;24,2;38,8
20:08:21;20,2;41,7
20:08:22;20,4;41,2
20:08:23;22,1;38,9
20:08:24;24,1;36,2
20:08:25;20,3;41,4
20:08:26;21,3;38,0
20:08:27;21,8;39,7
20:08:28;24,7;40,7
20:08:29;23,4;42,8
20:08:30;24,3;39,2
20:08:31;20,7;36,9
20:08:32;23,8;41,0
20:08:33;21,7;36,2
20:08:34;24,5;36,3
20:08:35;22,2;43,5
20:08:36;24,5;36,2
20:08:37;21,3;39,7
20:08:38;23,6;37,5
20:08:39;21,2;41,4
20:08:40;21,7;41,1
20:08:41;20,9;37,9
20:08:42;20,8;44,3
20:08:43;24,0;40,3
20:08:44;23,2;37,9
20:08:45;20,9;40,3
20:08:46;21,1;35,5
20:08:47;20,8;35,5
20:08:48;21,4;44,3
20:08:49;24,7;36,7
20:08:50;21,1;37,0
20:08:51;23,9;37,3
20:11:23;23,3;43,8
20:11:24;23,3;41,1
20:11:25;22,3;43,1
20:11:26;20,4;36,1
20:11:27;22,7;42,6
20:11:28;23,5;35,3
20:11:29;23,4;37,5
20:11:30;20,9;38,7
20:11:31;20,6;37,8
20:11:32;22,8;44,3
20:11:33;20,3;39,5
20:11:34;24,3;44,9
20:11:35;24,3;42,6
20:11:36;22,7;38,2
20:11:37;20,5;42,9
20:11:38;20,9;39,6
20:11:39;20,5;35,4
20:11:40;20,4;40,4
20:11:41;20,9;45,0
20:11:42;23,4;37,2
20:11:43;24,3;41,6
20:11:44;23,8;37,3
20:11:45;22,5;38,2
20:11:46;20,1;41,8
20:11:47;20,8;35,5
20:11:48;23,3;36,8
20:11:49;23,0;41,3
20:11:50;21,4;35,7
20:11:51;20,3;40,1
20:11:52;20,5;44,2
20:11:53;23,9;39,6
20:11:54;21,1;37,5
20:11:55;20,2;41,9
20:11:56;22,1;37,4
20:11:57;21,8;40,3
20:11:58;24,3;39,2
20:11:59;21,1;41,4
20:12:00;22,2;35,6
20:12:01;23,8;42,3
20:12:02;22,1;42,1
20:12:03;23,0;36,8
20:12:05;22,2;43,4
20:12:06;24,0;44,6
20:12:07;24,1;36,6
20:12:08;23,2;42,5
20:12:09;22,2;44,9
20:12:10;23,6;37,9
20:12:11;21,2;38,7
20:12:12;24,1;35,3
20:12:13;24,6;36,7
20:12:14;23,3;39,5
20:12:15;22,1;37,3
20:12:16;23,6;44,0
20:12:17;22,8;36,0
20:12:18;20,9;43,0
20:12:19;22,3;39,3
20:12:20;22,2;39,5
20:12:21;22,3;43,9
20:12:22;20,4;39,8
20:12:23;21,9;35,0
20:12:24;23,4;35,9
20:12:25;21,7;44,1
20:12:26;23,2;42,0
20:12:27;21,4;39,9
20:12:28;20,8;37,3
20:12:29;20,8;40,1
20:12:30;24,0;40,4
20:12:31;20,4;42,3
20:12:32;23,5;43,2
20:12:33;20,9;37,1
20:12:34;22,5;40,2
20:12:35;24,8;37,1
20:12:36;22,5;37,4
20:12:37;23,0;40,8
20:12:38;24,7;40,4
20:12:39;23,1;42,3
20:12:40;20,2;38,4
20:12:41;22,8;40,4
20:12:42;21,4;42,3
20:12:43;22,2;44,2
20:12:44;23,5;36,2
20:12:45;24,8;35,1
20:12:46;22,8;35,8
20:12:47;21,5;36,8
20:12:48;21,9;44,0
20:12:49;23,0;36,2
20:12:50;24,1;43,9
20:12:51;21,5;43,6
23:44:30;23,7;42,3
23:44:31;21,1;36,6
23:44:32;23,9;45,0
23:44:33;24,3;40,0
23:44:34;20,6;44,5
23:44:35;22,8;42,7
23:44:36;20,5;43,4
23:44:37;20,6;36,3
23:44:38;20,3;37,1
23:44:39;24,7;42,4
23:44:40;22,1;44,0
23:44:41;21,7;40,8
23:44:42;21,6;41,3
23:44:43;21,7;43,7
23:44:44;23,5;44,0
23:44:45;23,4;38,2
23:44:46;23,9;43,7
23:44:47;20,1;43,6
23:44:48;21,2;40,6
23:44:49;21,4;40,9
23:44:50;20,8;43,1
23:44:51;20,7;42,7
23:44:52;24,8;43,3
23:44:53;24,1;40,1
23:44:54;23,7;39,9
23:44:55;23,6;43,9
23:44:56;21,3;41,1
23:44:57;23,4;35,1
23:44:58;23,1;39,7
23:44:59;23,3;38,2
23:45:00;20,5;39,3
23:45:01;22,1;40,2
23:45:02;20,8;36,6
23:45:03;23,8;41,7
23:45:04;23,8;39,3
23:45:05;24,4;37,2
23:45:06;23,6;42,2
23:45:07;22,3;36,9
23:45:08;22,5;43,3
23:45:09;23,7;36,7
23:45:10;23,3;38,8
23:45:11;22,7;40,7
23:45:12;24,7;42,9
23:45:15;21,0;37,8
23:45:16;24,9;39,2
23:45:17;20,7;43,4
23:45:18;20,4;40,0
23:45:19;21,4;43,3
23:45:20;24,5;36,5
23:45:21;21,3;37,0
23:45:22;24,8;39,1
23:45:23;21,7;44,6
23:45:24;24,1;36,8
23:45:25;21,2;42,7
23:47:02;21,1;39,4
23:47:03;21,7;39,7
23:47:04;22,7;42,1
23:47:05;20,2;39,1
23:47:06;24,6;42,8
23:47:07;20,3;44,9
23:47:08;23,0;41,1
23:47:09;23,7;37,9
23:47:10;21,2;39,0
23:47:11;21,9;40,9
23:47:12;21,0;35,8
23:47:13;22,2;41,4
23:47:14;20,0;37,9
23:47:15;21,2;35,3
23:47:16;24,3;38,7
